sw_version,ct_identifier,heat_type,heat_stage,cool_type,cool_stage,heating_or_cooling,station,climate_zone,start_date,end_date,n_days_in_inputfile_date_range,n_days_both_heating_and_cooling,n_days_insufficient_data,n_core_cooling_days,n_core_heating_days,baseline_percentile_core_cooling_comfort_temperature,baseline_percentile_core_heating_comfort_temperature,regional_average_baseline_cooling_comfort_temperature,regional_average_baseline_heating_comfort_temperature,percent_savings_baseline_percentile,avoided_daily_mean_core_day_runtime_baseline_percentile,avoided_total_core_day_runtime_baseline_percentile,baseline_daily_mean_core_day_runtime_baseline_percentile,baseline_total_core_day_runtime_baseline_percentile,_daily_mean_core_day_demand_baseline_baseline_percentile,percent_savings_baseline_regional,avoided_daily_mean_core_day_runtime_baseline_regional,avoided_total_core_day_runtime_baseline_regional,baseline_daily_mean_core_day_runtime_baseline_regional,baseline_total_core_day_runtime_baseline_regional,_daily_mean_core_day_demand_baseline_baseline_regional,mean_demand,alpha,tau,mean_sq_err,root_mean_sq_err,cv_root_mean_sq_err,mean_abs_err,mean_abs_pct_err,total_core_cooling_runtime,total_core_heating_runtime,total_auxiliary_heating_core_day_runtime,total_emergency_heating_core_day_runtime,daily_mean_core_cooling_runtime,daily_mean_core_heating_runtime,core_cooling_days_mean_indoor_temperature,core_cooling_days_mean_outdoor_temperature,core_heating_days_mean_indoor_temperature,core_heating_days_mean_outdoor_temperature,core_mean_indoor_temperature,core_mean_outdoor_temperature,rhu1_00F_to_05F,rhu1_05F_to_10F,rhu1_10F_to_15F,rhu1_15F_to_20F,rhu1_20F_to_25F,rhu1_25F_to_30F,rhu1_30F_to_35F,rhu1_35F_to_40F,rhu1_40F_to_45F,rhu1_45F_to_50F,rhu1_50F_to_55F,rhu1_55F_to_60F,rhu1_30F_to_45F,rhu2_00F_to_05F,rhu2_05F_to_10F,rhu2_10F_to_15F,rhu2_15F_to_20F,rhu2_20F_to_25F,rhu2_25F_to_30F,rhu2_30F_to_35F,rhu2_35F_to_40F,rhu2_40F_to_45F,rhu2_45F_to_50F,rhu2_50F_to_55F,rhu2_55F_to_60F,rhu2_30F_to_45F
2.0.0a3,ae2e1faab91243ff640683047a53a350,furnace_or_boiler,two_stage,none,single_stage,heating_ALL,726170,,2018-01-01T00:00:00,2018-12-31T00:00:00,364,0,44,,164.0,,71.2,,,2.354957009174075,2.0474824966444,335.7871294496816,86.94351908201025,14258.737129449682,142.16574061132792,,,,,,,138.81779853815723,0.6115644930216224,-108.65464797413283,2685.2733145037555,51.819622871107,0.6103891884163593,40.57144585358055,0.47789564136818774,,13922.949999999999,,,,84.89603658536585,,,67.85205792682926,37.688907362804876,67.85205792682926,37.688907362804876,,,,,,,,,,,,,,,,,,,,,,,,,,
2.0.0a3,f5ee83ff1eb790c96f7747a4f8088af1,furnace_or_boiler,two_stage,central,single_stage,cooling_ALL,723086,Mixed-Humid,2018-01-01T00:00:00,2018-12-31T00:00:00,364,2,76,118.0,,73.0,,73.0,,16.566851728237193,45.78322570453974,5402.420633135689,276.3544121452177,32609.820633135685,10.289921990600348,16.566851728237193,45.78322570453974,5402.420633135689,276.3544121452177,32609.820633135685,10.289921990600348,8.585205871466316,26.85680342354998,5.27276039114963,6376.789652116278,79.85480356319385,0.3463347038106132,62.996577777655816,0.2732196453083863,27207.399999999994,,,,230.5711864406779,,74.76772598870058,77.73925625,,,74.76772598870058,77.73925625,,,,,,,,,,,,,,,,,,,,,,,,,,
2.0.0a3,f5ee83ff1eb790c96f7747a4f8088af1,furnace_or_boiler,two_stage,central,single_stage,heating_ALL,723086,Mixed-Humid,2018-01-01T00:00:00,2018-12-31T00:00:00,364,2,76,,135.0,,67.3,,69.0,9.96263719783187,66.79012643932204,9016.667069308474,670.406089402285,90504.82206930847,20.34608292145491,16.659289250910792,120.65907325582715,16288.974889536665,724.2750362187902,97777.12988953668,21.980945844309982,18.319076496020326,32.95013059714521,0.8471901989916084,13782.263213852852,117.39788419666196,0.1944910197874693,91.48931533657046,0.15156874726685138,,81488.155,,,,603.615962962963,,,65.29280864197531,46.301463722222216,65.29280864197531,46.301463722222216,,,,,,,,,,,,,,,,,,,,,,,,,,
2.0.0a3,6466b15b9509eea7cb70947d7d4e1530,furnace_or_boiler,two_stage,central,single_stage,cooling_ALL,722660,Mixed-Dry/Hot-Dry,2018-01-01T00:00:00,2018-12-31T00:00:00,364,7,49,148.0,,70.5,,75.0,,7.005684356819009,34.262710497085614,5070.881153568671,489.0701429295181,72382.38115356868,17.71075070078653,-22.075773474140906,-82.24585081052815,-12172.385919958168,372.5615816219042,55139.11408004183,13.491613397768168,16.469991409466314,27.614309025748895,8.52472651077643,5595.923183996855,74.80590340338692,0.16447819026022692,59.07528983380864,0.12989077491073114,67311.5,,,,454.80743243243245,,71.76734234234235,79.51811233108108,,,71.76734234234235,79.51811233108108,,,,,,,,,,,,,,,,,,,,,,,,,,
2.0.0a3,6466b15b9509eea7cb70947d7d4e1530,furnace_or_boiler,two_stage,central,single_stage,heating_ALL,722660,Mixed-Dry/Hot-Dry,2018-01-01T00:00:00,2018-12-31T00:00:00,364,7,49,,134.0,,71.0,,69.0,7.668686675465762,16.216608626598198,2173.0255559641587,211.46526534301614,28336.345555964162,15.12841974813415,-4.118713836894933,-7.7236196493247204,-1034.9650330095126,187.5250370670932,25128.35496699049,13.415713778967886,13.968268638700454,13.97801415240987,8.385664603061791,1647.7192567092156,40.592108305792834,0.2078995522348173,30.47684152177597,0.15609245171935288,,26163.32,,,,195.2486567164179,,,69.81421019900498,48.20274887713842,69.81421019900498,48.20274887713842,,,,,,,,,,,,,,,,,,,,,,,,,,
2.0.0a3,b1f0f017c009d1b7e3551b7ddb6a0e8c,furnace_or_boiler,single_stage,central,two_stage,cooling_ALL,724769,Very-Cold/Cold,2018-01-01T00:00:00,2018-12-31T00:00:00,364,26,44,116.0,,71.0,,73.0,,9.383612750349798,37.620243286752654,4363.9482212633075,400.9142777695112,46506.0562212633,16.090840112237796,-2.245720318321412,-7.979373534881315,-925.6073300462325,355.31466094787726,41216.50066995376,14.260682933654964,14.58093798782745,24.915683393348633,16.647354067052273,4640.47906697033,68.1210618455873,0.18750944243434922,52.779327030735864,0.14527991659945821,42142.108,,,,363.2940344827586,,72.59299568965517,70.28907275080907,,,72.59299568965517,70.28907275080907,,,,,,,,,,,,,,,,,,,,,,,,,,
2.0.0a3,b1f0f017c009d1b7e3551b7ddb6a0e8c,furnace_or_boiler,single_stage,central,two_stage,heating_ALL,724769,Very-Cold/Cold,2018-01-01T00:00:00,2018-12-31T00:00:00,364,26,44,,171.0,,70.8,,68.0,8.191361621180821,21.38414274350132,3656.688409138726,261.057242158706,44640.788409138724,22.053518361802848,-4.2678590550663476,-9.810223561364054,-1677.5482289932534,229.86287585384065,39306.55177100675,19.418289687813694,20.24703492259406,11.837441893664575,12.889892412483642,1973.0129564280733,44.41861047385514,0.18532997896816644,35.64040937336727,0.14870425367022344,,40984.09999999999,,,,239.67309941520463,,,68.96783625730994,36.04576730197417,68.96783625730994,36.04576730197417,,,,,,,,,,,,,,,,,,,,,,,,,,
2.0.0a3,9de5cfcb64148a8ea2305383fc5053b8,none,two_stage,heat_pump,two_stage,cooling_ALL,723150,Mixed-Humid,2018-01-01T00:00:00,2018-12-29T00:00:00,362,0,74,73.0,,72.7,,73.0,,10.598769962784045,19.468169681912897,1421.1763867796415,183.6832929695841,13408.88038677964,10.217724024150426,7.9928433399203,14.265691954086272,1041.3955126482979,178.4808152417575,13029.099512648298,9.928326546539198,9.134770959398601,17.97692837812351,10.080820774873771,6979.3490738101955,83.54249860885294,0.5087381535652086,69.65917650863535,0.4241946485440733,11987.704,,,,164.21512328767122,,73.84817351598174,72.69913691780822,,,73.84817351598174,72.69913691780822,,,,,,,,,,,,,,,,,,,,,,,,,,
2.0.0a3,95e7d7df8e31ea7bdc79a83208a3a750,furnace_or_boiler,single_stage,central,two_stage,cooling_ALL,725172,Mixed-Humid,2018-01-01T00:00:00,2018-12-31T00:00:00,364,98,52,132.0,,70.0,,73.0,,21.479150377719385,129.40966839324042,17082.076227907735,602.4896986962707,79528.64022790773,14.610496970965123,2.484985468906111,12.055548641259124,1591.3324206462044,485.13557894428936,64037.8964206462,11.764635846904687,11.472286355639389,41.236769693294846,5.166393954343609,9168.75346762588,95.75360811805412,0.20240467148173508,81.30462468804325,0.17186230548764392,62446.564,,,,473.0800303030303,,73.234375,79.31117085227274,,,73.234375,79.31117085227274,,,,,,,,,,,,,,,,,,,,,,,,,,
2.0.0a3,95e7d7df8e31ea7bdc79a83208a3a750,furnace_or_boiler,single_stage,central,two_stage,heating_ALL,725172,Mixed-Humid,2018-01-01T00:00:00,2018-12-31T00:00:00,364,98,52,,82.0,,72.0,,69.0,10.286291930728186,36.92062703733675,3027.4914170616134,358.93038313489774,29432.291417061613,25.33664431009878,-1.6244823512580657,-5.147373483343764,-422.0846256341886,316.8623826142172,25982.715374365813,22.36709362252451,22.73044311091179,14.16645309228396,2.61155396418226,6721.553745345566,81.98508245617349,0.2546043432029868,64.94110932463533,0.20167435332288441,,26404.8,,,,322.00975609756097,,,69.38831300813008,44.053064695121954,69.38831300813008,44.053064695121954,,,,,,,,,,,,,,,,,,,,,,,,,,
2.0.0a3,63f844eff16646efaa15e3a5c6d34910,furnace_or_boiler,two_stage,central,single_stage,cooling_ALL,724945,Marine,2018-01-01T00:00:00,2018-12-31T00:00:00,364,11,48,96.0,,67.5,,,,29.786709464124826,115.58592656692781,11096.24895042507,388.0453015669278,37252.34895042507,12.495545573745046,,,,,,,8.7735337177363,31.05469059168311,11.770692263490943,14405.825153500531,120.02426901881357,0.440521707204289,101.14019761742935,0.3712120297472949,26156.1,,,,272.45937499999997,,71.44743923611111,68.20881149435273,,,71.44743923611111,68.20881149435273,,,,,,,,,,,,,,,,,,,,,,,,,,
2.0.0a3,63f844eff16646efaa15e3a5c6d34910,furnace_or_boiler,two_stage,central,single_stage,heating_ALL,724945,Marine,2018-01-01T00:00:00,2018-12-31T00:00:00,364,11,48,,82.0,,69.4,,67.0,23.93582045143279,37.962062804638165,3112.8891499803294,158.5993798778089,13005.149149980329,7.979055129694413,0.12622134647993455,0.15246248616994454,12.501923865935453,120.78977955934067,9904.761923865935,6.076873131220023,6.069202820129919,19.876962535021743,9.412791612261305,2327.2950364157127,48.242046353940175,0.39989322975974095,37.22682800669029,0.30858468100804104,,9892.259999999998,,,,120.6373170731707,,,67.20752032520325,52.80452820538892,67.20752032520325,52.80452820538892,,,,,,,,,,,,,,,,,,,,,,,,,,
2.0.0a3,757b50a290c1a79e4c9941bfc2b7b5f3,none,two_stage,heat_pump,two_stage,cooling_ALL,725462,Very-Cold/Cold,2018-01-01T00:00:00,2018-12-31T00:00:00,364,0,49,72.0,,69.7,,73.0,,17.643436052011094,40.624561458059446,2924.9684249802804,230.25311701361503,16578.224424980282,10.2677288015203,-13.636379579034436,-22.755450078212945,-1638.3924056313322,166.87310547734262,12014.863594368668,7.441409756062198,8.45614863643014,22.42493169273446,4.790308351658512,4998.7851166260225,70.70208707404629,0.37284514912276845,55.38053981210359,0.29204746959051076,13653.256,,,,189.62855555555555,,71.69247685185185,74.82679895833334,,,71.69247685185185,74.82679895833334,,,,,,,,,,,,,,,,,,,,,,,,,,
2.0.0a3,3d445c99a1b449fed6317ee4765df0a0,furnace_or_boiler,two_stage,central,single_stage,cooling_ALL,722267,Hot-Humid,2018-01-01T00:00:00,2018-12-31T00:00:00,364,9,67,230.0,,64.6,,75.0,,9.046772813063564,43.524424256041556,10010.617578889558,481.10442425604157,110654.01757888956,24.373388310173304,-50.104835770832054,-146.06374221063615,-33594.66070844632,291.5162577893638,67048.73929155368,14.76860031128579,22.16838324290613,19.738922554942086,18.328375765088495,19371.308170561486,139.1808469961348,0.31806948899889115,90.33683399138896,0.20644644177382188,100643.4,,,,437.58,,66.83860507246376,70.46867234782609,,,66.83860507246376,70.46867234782609,,,,,,,,,,,,,,,,,,,,,,,,,,
2.0.0a3,3d445c99a1b449fed6317ee4765df0a0,furnace_or_boiler,two_stage,central,single_stage,heating_ALL,722267,Hot-Humid,2018-01-01T00:00:00,2018-12-31T00:00:00,364,9,67,,19.0,,67.4,,70.0,11.314619250579973,18.621032335181948,353.799614368457,164.574979703603,3126.924614368457,24.63484473098907,19.760935804461262,35.94491801806739,682.9534423432804,181.89886538648844,3456.07844234328,27.228016759349003,21.847505846706092,6.680577105346158,4.551488766966787,4850.093682765175,69.64261398572842,0.47715471380801083,52.40685548369025,0.3590643242515627,,2773.125,,,,145.95394736842104,,,64.59583333333333,38.22049447368421,64.59583333333333,38.22049447368421,,,,,,,,,,,,,,,,,,,,,,,,,,
2.0.0a3,8d8ab9cf300193380208c87b77b902d3,furnace_or_boiler,two_stage,central,two_stage,cooling_ALL,722909,Mixed-Dry/Hot-Dry,2018-01-01T00:00:00,2018-12-31T00:00:00,364,10,37,143.0,,71.0,,75.0,,32.58182262100072,169.82928063050142,24285.5871301617,521.2393505605712,74537.22713016169,10.755237587706313,-3.65182119166964,-12.380744743150498,-1770.446498270521,339.0293251869194,48481.193501729475,6.995521227749926,7.250985154412647,48.463769052983984,13.565454280851478,11784.734024708294,108.55751482374812,0.30891976102264485,88.04823220026687,0.25055694111949706,50251.64,,,,351.41006993006994,,74.55783799533799,68.10502143982002,,,74.55783799533799,68.10502143982002,,,,,,,,,,,,,,,,,,,,,,,,,,
2.0.0a3,8d8ab9cf300193380208c87b77b902d3,furnace_or_boiler,two_stage,central,two_stage,heating_ALL,722909,Mixed-Dry/Hot-Dry,2018-01-01T00:00:00,2018-12-31T00:00:00,364,10,37,,52.0,,71.8,,69.0,35.31869515514875,56.29312774666903,2927.2426428267895,159.38620466974595,8288.08264282679,8.68972414449848,13.112780788858682,15.558524381545759,809.0432678403795,118.65160130462267,6169.883267840379,6.468876567934846,5.6206269640797055,18.34191765116668,7.26446187040484,3367.0956845118094,58.02668079867924,0.562857201768999,39.79413053135995,0.3860019675332069,,5360.84,,,,103.09307692307692,,,68.20376602564103,56.50009552884616,68.20376602564103,56.50009552884616,,,,,,,,,,,,,,,,,,,,,,,,,,
2.0.0a3,deecc6f531ff656f2e0c339a455952d0,none,two_stage,heat_pump,two_stage,cooling_ALL,722580,Hot-Humid,2018-01-01T00:00:00,2018-12-31T00:00:00,364,0,40,193.0,,66.5,,75.0,,16.113331105221437,75.89485380771802,14647.706784889579,471.00660510305477,90904.27478488957,22.85193001738096,-24.762442085423974,-78.42049013454087,-15135.154595966389,316.6912611607959,61121.41340403361,15.364978874508962,19.169722869746877,20.611239608418707,11.209582418832419,69552.68718397293,263.7284345382062,0.6674780835386377,188.6154289161987,0.47737235933338024,76256.568,,,,395.1117512953368,,70.51055699481866,77.5988954015544,,,70.51055699481866,77.5988954015544,,,,,,,,,,,,,,,,,,,,,,,,,,
2.0.0a3,942ff6382c6e039693489d0d65d7c342,heat_pump_electric_backup,two_stage,heat_pump,two_stage,cooling_ALL,724950,Mixed-Dry/Hot-Dry,2018-01-01T00:00:00,2018-12-31T00:00:00,364,2,43,104.0,,64.7,,75.0,,30.267269087207822,88.53049022414977,9207.170983311576,292.49579791645743,30419.562983311574,5.937009007058311,-101.75967453365816,-102.87210947827033,-10698.699385740114,101.09319821403736,10513.692614259886,2.0519653021493918,4.1400385151602075,49.266524199090654,-4.455831960114511,8901.903246251635,94.3498979663022,0.4625781660312249,74.48747600654039,0.3651967917941645,21212.392,,,,203.9653076923077,,67.68281250000001,71.34942939903846,,,67.68281250000001,71.34942939903846,,,,,,,,,,,,,,,,,,,,,,,,,,
2.0.0a3,942ff6382c6e039693489d0d65d7c342,heat_pump_electric_backup,two_stage,heat_pump,two_stage,heating_ALL,724950,Mixed-Dry/Hot-Dry,2018-01-01T00:00:00,2018-12-31T00:00:00,364,2,43,,143.0,,67.6,,69.0,10.419488574758494,22.786729546082363,3258.502325089778,218.6933589167117,31273.150325089773,11.937210478747428,19.256648195402985,46.7221753447524,6681.271074299593,242.62880471538182,34695.9190742996,13.243708562716186,10.693414196769467,18.320306851090994,2.172284072061318,2258.6878873361316,47.5256550437354,0.24259339868393714,35.580126927636506,0.1816177790508744,,28014.647999999997,51.8,1577.2,,195.90662937062936,,,66.27584498834499,53.84706489510489,66.27584498834499,53.84706489510489,,,,,,,,,0.02637992697662692,0.1798092324061667,0.060810281348999906,0.03829624475769096,0.02637992697662692,,,,,,,,,,0.1798092324061667,0.060810281348999906,0.03829624475769096,
2.0.0a3,41149d97387791720ec2a60efe1fd61e,furnace_or_boiler,two_stage,central,two_stage,cooling_ALL,724957,Marine,2018-01-01T00:00:00,2018-12-31T00:00:00,364,4,59,22.0,,66.8,,,,7.122525972336217,23.39893728230571,514.7766202107256,328.5202100095784,7227.444620210725,55.24512652016131,,,,,,,51.31027803531281,5.946591685145067,53.926594474706754,26402.009369177817,162.48695138126575,0.5325323597692969,134.63743803014384,0.4412587717228329,6712.668,,,,305.1212727272727,,70.73484848484848,68.11853204545453,,,70.73484848484848,68.11853204545453,,,,,,,,,,,,,,,,,,,,,,,,,,
2.0.0a3,41149d97387791720ec2a60efe1fd61e,furnace_or_boiler,two_stage,central,two_stage,heating_ALL,724957,Marine,2018-01-01T00:00:00,2018-12-31T00:00:00,364,4,59,,121.0,,68.1,,67.0,5.578809093845809,4.876436482279153,590.0488143557775,87.40999020128741,10576.608814355777,30.911546555649917,2.0955848822127177,1.7665808762634878,213.75628602788203,84.30013459527176,10200.316286027883,29.81178157311951,29.187050385354937,2.827745614213239,-12.265874634162325,963.381308995379,31.038384445640514,0.3760698897240394,25.295455866761298,0.3064869344276825,,9986.56,,,,82.53355371900825,,,66.3745867768595,49.4543280785124,66.3745867768595,49.4543280785124,,,,,,,,,,,,,,,,,,,,,,,,,,
2.0.0a3,7f346f5d0d4c6d2b80c9a6dd6b2a98f5,furnace_or_boiler,two_stage,central,two_stage,cooling_ALL,722270,Mixed-Humid,2018-01-01T00:00:00,2018-12-31T00:00:00,364,0,49,129.0,,72.0,,73.0,,27.200234039882424,114.40884109723933,14758.740501543874,420.61712016700676,54259.60850154387,11.39665555495737,20.397626459149258,78.4640183116994,10121.858362209223,384.6722973814669,49622.72636220923,10.422727617577811,8.296738571289703,36.90706612467943,6.396969004888688,3060.143554047303,55.318564280423104,0.18065665777710455,43.12615400897491,0.14083928148509955,39500.868,,,,306.20827906976746,,75.1453488372093,76.88411147959768,,,75.1453488372093,76.88411147959768,,,,,,,,,,,,,,,,,,,,,,,,,,
2.0.0a3,7f346f5d0d4c6d2b80c9a6dd6b2a98f5,furnace_or_boiler,two_stage,central,two_stage,heating_ALL,722270,Mixed-Humid,2018-01-01T00:00:00,2018-12-31T00:00:00,364,0,49,,117.0,,68.0,,69.0,14.635456031687308,27.283043182557623,3192.116052359242,186.41744489195932,21810.84105235924,13.705745085079442,19.92927911558569,39.60791002664396,4634.125473117343,198.74231173604565,23252.85047311734,14.611891413125596,11.699846789337496,13.601409024811058,7.930824903404722,1002.9976730318979,31.670138506673727,0.19901503487917818,25.43401655838165,0.15982726729841346,,18618.725,,,,159.1344017094017,,,65.97596153846153,46.9198448931624,65.97596153846153,46.9198448931624,,,,,,,,,,,,,,,,,,,,,,,,,,
2.0.0a3,1c284aa00da14ab62f094b31e87cd4c3,none,two_stage,heat_pump,two_stage,cooling_ALL,745058,Marine,2018-01-01T00:00:00,2018-12-31T00:00:00,364,0,44,1.0,,71.42,,,,33.74831294377515,41.41385622377331,41.41385622377331,122.7138562237733,122.7138562237733,1.4954549999999998,,,,,,,0.9907641666666672,82.0578728372123,0.0,0.0,0.0,0.0,0.0,0.0,81.3,,,,81.3,,73.52083333333333,66.47462,,,73.52083333333333,66.47462,,,,,,,,,,,,,,,,,,,,,,,,,,
2.0.0a3,afb7a8d7c5fce4909cdb39aa25a684a9,heat_pump_electric_backup,two_stage,heat_pump,two_stage,cooling_ALL,720592,Hot-Humid,2018-01-01T00:00:00,2018-12-31T00:00:00,364,0,45,150.0,,73.5,,75.0,,23.900533779115488,81.454411218111,12218.16168271665,340.8058245514443,51120.87368271664,14.715642391803536,15.66871704764601,48.187383959556534,7228.1075939334805,307.5387972928898,46130.81959393347,13.279206623079249,11.198525311136693,23.15942556074003,11.81065811035566,7918.519583264008,88.98606398343512,0.34311000213854675,70.09233030424635,0.2702600668466752,38902.712,,,,259.3514133333333,,77.11536111111111,76.28216130072263,,,77.11536111111111,76.28216130072263,,,,,,,,,,,,,,,,,,,,,,,,,,
2.0.0a3,afb7a8d7c5fce4909cdb39aa25a684a9,heat_pump_electric_backup,two_stage,heat_pump,two_stage,heating_ALL,720592,Hot-Humid,2018-01-01T00:00:00,2018-12-31T00:00:00,364,0,45,,62.0,,70.0,,70.0,24.6832299901979,81.635018263607,5061.371132343634,330.7306956829619,20505.303132343637,7.3196048106593485,24.6832299901979,81.635018263607,5061.371132343634,330.7306956829619,20505.303132343637,7.3196048106593485,5.512889920870713,45.18422841644775,17.068256708276152,8301.340535382607,91.11169263811647,0.3657698663503064,73.57991029039019,0.29538814584292344,,15443.932000000003,578.4,0.0,,249.09567741935487,,,67.5625,48.18665483870968,67.5625,48.18665483870968,,,,,,0.17863405225320006,0.05324626896204259,0.047036549615433104,0.013267555893920683,0.0,0.0,0.0,0.037916905922863155,,,,,,0.17863405225320006,0.05324626896204259,0.047036549615433104,0.013267555893920683,0.0,,,0.037916905922863155
2.0.0a3,fa57ae7d687219a0a58ae809e186f41b,heat_pump_electric_backup,two_stage,heat_pump,two_stage,cooling_ALL,725190,Very-Cold/Cold,2018-01-01T00:00:00,2018-12-31T00:00:00,364,2,57,88.0,,71.71000000000001,,73.0,,15.80671290141235,47.08101527889835,4143.129344543055,297.8545607334438,26211.201344543053,9.80133153666654,5.306341917074085,14.05257968567879,1236.6270123397335,264.82612514022424,23304.699012339734,8.7144834904609,8.252063200150074,30.38919351102217,9.715175766524217,7340.80894689346,85.67852091915138,0.34165693500027194,64.43284151185527,0.25693635823932715,22068.072,,,,250.77354545454546,,73.34124053030304,71.14274707386363,,,73.34124053030304,71.14274707386363,,,,,,,,,,,,,,,,,,,,,,,,,,
2.0.0a3,fa57ae7d687219a0a58ae809e186f41b,heat_pump_electric_backup,two_stage,heat_pump,two_stage,heating_ALL,725190,Very-Cold/Cold,2018-01-01T00:00:00,2018-12-31T00:00:00,364,2,57,,183.0,,68.4,,68.0,2.6639002839502024,12.495384320458848,2286.655330643969,469.06351546799976,85838.62333064395,26.953650794929924,1.2312495977588902,5.691570719843617,1041.557441731382,462.25970186738454,84593.52544173137,26.56268537166138,26.235632414868842,17.40259674048431,6.943910251145007,5378.211038589585,73.33628732482703,0.16062506846569247,55.27666338470393,0.12106991183500095,,83551.968,47.2,0.0,,456.56813114754095,,,67.69549180327868,34.67167442622951,67.69549180327868,34.67167442622951,0.0,0.0011042158962920434,0.0,0.0,0.0017132484305847513,0.005729944088768295,0.0015085815775620333,0.0,0.0,0.0,0.0,0.0,0.000702983272145809,,0.0011042158962920434,,0.0,0.0017132484305847513,0.005729944088768295,0.0015085815775620333,0.0,0.0,0.0,,,0.000702983272145809
2.0.0a3,d7eca89c0b9643a794eafee500ec7167,none,two_stage,heat_pump,two_stage,cooling_ALL,722977,Mixed-Dry/Hot-Dry,2018-01-01T00:00:00,2018-12-31T00:00:00,364,0,59,96.0,,74.9,,75.0,,34.50482166429736,100.68475507246667,9665.736486956801,291.7990884058,28012.7124869568,7.5961581007337715,33.73108691665309,97.27780174358789,9338.668967384438,288.39213507692125,27685.64496738444,7.507467775245181,4.975117294737507,38.41403569228146,9.498994962862337,8523.871220625297,92.32481367771774,0.4830868102220716,71.55715274395834,0.3744206491260467,18346.976000000002,,,,191.11433333333335,,77.703125,72.759958125,,,77.703125,72.759958125,,,,,,,,,,,,,,,,,,,,,,,,,,
2.0.0a3,a6d053f0e3975a23b7cefbd3f90300b6,none,single_stage,central,two_stage,cooling_ALL,725027,,2018-01-01T00:00:00,2018-12-31T00:00:00,364,0,44,105.0,,71.7,,,,11.50002339927111,39.153993059544156,4111.169271252136,340.4688121071632,35749.22527125214,10.68601189512168,,,,,,,9.457118026733795,31.861167238882835,9.693877892278916,4056.973760613281,63.6943777786806,0.2113881354392148,50.7334748703904,0.1683736466422271,31638.056,,,,301.31481904761904,,72.9620238095238,72.02440307142858,,,72.9620238095238,72.02440307142858,,,,,,,,,,,,,,,,,,,,,,,,,,
2.0.0a3,edc68dcfe951346bbaa77fd83ca29136,none,single_stage,central,two_stage,cooling_ALL,911780,Hot-Humid,2018-01-01T00:00:00,2018-12-31T00:00:00,364,0,50,301.0,,75.7,,75.0,,14.91478240670887,47.143287113299614,14190.129421103184,316.08431036911355,95141.37742110319,7.667253353906477,21.543272500941267,73.84796607469377,22228.237788482824,342.7889893305077,103179.48578848282,8.315028433576336,6.523699199600237,41.22523357181984,6.206639471055717,4265.573703474595,65.3113596817169,0.2428464013821848,49.177148258941806,0.1828547674267046,80951.24799999999,,,,268.94102325581395,,76.8250415282392,76.91842945061805,,,76.8250415282392,76.91842945061805,,,,,,,,,,,,,,,,,,,,,,,,,,
2.0.0a3,8547aa6b3beeb4f63d6da67bf5038e3f,furnace_or_boiler,two_stage,none,single_stage,heating_ALL,725847,Mixed-Dry/Hot-Dry,2018-01-01T00:00:00,2018-12-31T00:00:00,364,0,57,,167.0,,73.2,,69.0,7.699748068636329,63.2463635419309,10562.14271150246,821.4082198293561,137175.17271150247,64.66532179863019,1.2884523609450806,9.896060360475476,1652.6420801994045,768.0579166479007,128265.67208019941,60.46532179863018,59.6862549323627,12.702453138441756,-28.839667846534372,129677.20971569838,360.10721974947734,0.47497406624075506,293.3487483080564,0.386921006214332,,126613.03000000003,,,,758.1618562874253,,,68.22093313373253,37.37434604790419,68.22093313373253,37.37434604790419,,,,,,,,,,,,,,,,,,,,,,,,,,
2.0.0a3,dc567feddd6e161330c96cdc12aaadbb,furnace_or_boiler,single_stage,central,two_stage,cooling_ALL,722540,Hot-Humid,2018-01-01T00:00:00,2018-12-31T00:00:00,364,0,41,160.0,,77.0,,75.0,,23.885038777873152,71.7079657418664,11473.274518698625,300.22126574186643,48035.402518698625,9.19687560678073,36.03967834451276,128.76023159800053,20601.637055680083,357.2735315980005,57163.76505568008,10.944595212409846,7.0001983017483935,32.64383238156635,3.9563760889687094,5595.832702094382,74.80529862312149,0.3273564323088481,59.54013429995871,0.2605543497904005,36562.128,,,,228.5133,,79.48036458333334,81.45248839062499,,,79.48036458333334,81.45248839062499,,,,,,,,,,,,,,,,,,,,,,,,,,
2.0.0a3,dc567feddd6e161330c96cdc12aaadbb,furnace_or_boiler,single_stage,central,two_stage,heating_ALL,722540,Hot-Humid,2018-01-01T00:00:00,2018-12-31T00:00:00,364,0,41,,1.0,,76.72,,70.0,18.725073917248945,10.782334744112852,10.782334744112852,57.58233474411285,57.58233474411285,23.797444999999996,-11.206093789401624,-4.71597528042998,-4.71597528042998,42.08402471957002,42.08402471957002,17.392352499999998,19.341355833333335,2.419685589949377,0.0,0.0,0.0,0.0,0.0,0.0,,46.8,,,,46.8,,,72.20833333333333,52.92255500000001,72.20833333333333,52.92255500000001,,,,,,,,,,,,,,,,,,,,,,,,,,
2.0.0a3,22c341d0548fc92996a4f229caa5c9b0,furnace_or_boiler,two_stage,central,two_stage,cooling_ALL,722543,Hot-Humid,2018-01-01T00:00:00,2018-12-31T00:00:00,364,0,55,136.0,,75.9,,75.0,,13.58257055390558,43.16440105787917,5870.358543871567,317.79257752846735,43219.79054387156,7.251217327967523,22.049676727090763,77.68360998486598,10564.970957941774,352.3117864554542,47914.40295794177,8.038857768992854,6.266315618379307,43.82610024702472,-0.42299297245431755,6195.450336678885,78.7111830471305,0.286610005057366,61.61395493893459,0.22435409115980945,37349.432,,,,274.62817647058824,,76.9578125,83.03344230698531,,,76.9578125,83.03344230698531,,,,,,,,,,,,,,,,,,,,,,,,,,
2.0.0a3,22c341d0548fc92996a4f229caa5c9b0,furnace_or_boiler,two_stage,central,two_stage,heating_ALL,722543,Hot-Humid,2018-01-01T00:00:00,2018-12-31T00:00:00,364,0,55,,60.0,,70.0,,70.0,13.170954224915258,22.22636223869249,1333.5817343215494,168.7528622386925,10125.17173432155,9.833630142516608,13.170954224915258,22.22636223869249,1333.5817343215494,168.7528622386925,10125.17173432155,9.833630142516608,8.538447217798277,17.160790043249026,9.785533188400075,1646.876928363726,40.58173146088922,0.27695830761595497,30.833219538208763,0.210427598681527,,8791.59,,,,146.5265,,,68.57993055555556,51.538743875,68.57993055555556,51.538743875,,,,,,,,,,,,,,,,,,,,,,,,,,
2.0.0a3,c1c286d28c1aad436441ee642f05860e,none,single_stage,central,two_stage,cooling_ALL,725020,,2018-01-01T00:00:00,2018-12-31T00:00:00,364,0,80,112.0,,67.2,,,,24.91973445724912,139.45162055725206,15618.581502412231,559.6031562715378,62675.55350241224,9.9590834985609,,,,,,,7.4773063363438075,56.190226374987326,4.1170984930402215,17406.035959127596,131.93193684293274,0.31401036442396824,104.23418323789289,0.24808711709380718,47056.971999999994,,,,420.15153571428567,,69.79527529761906,72.14989109375,,,69.79527529761906,72.14989109375,,,,,,,,,,,,,,,,,,,,,,,,,,
2.0.0a3,c61badb0e0c0a7e06932de804af43111,heat_pump_electric_backup,two_stage,heat_pump,two_stage,cooling_ALL,723170,Mixed-Humid,2018-01-01T00:00:00,2018-12-31T00:00:00,364,17,51,160.0,,70.8,,73.0,,8.463791321979913,30.115655373809567,4818.504859809531,355.81755537380957,56930.808859809535,12.482315175044594,-9.403622697474983,-27.99521353986586,-4479.234166378537,297.70668646013416,47633.06983362146,10.443747459873368,11.425838066476988,28.505733943105504,8.651198370580325,2864.5864690277967,53.521831704714636,0.16432766190407436,40.4013736135956,0.12404402189116978,52112.304000000004,,,,325.7019,,71.86122395833334,74.37230553125,,,71.86122395833334,74.37230553125,,,,,,,,,,,,,,,,,,,,,,,,,,
2.0.0a3,c61badb0e0c0a7e06932de804af43111,heat_pump_electric_backup,two_stage,heat_pump,two_stage,heating_ALL,723170,Mixed-Humid,2018-01-01T00:00:00,2018-12-31T00:00:00,364,17,51,,116.0,,70.0,,69.0,9.514796083459109,33.699673877299716,3909.162169766767,354.18177732557547,41085.08616976676,13.718239201708988,3.147418518670501,10.414707505654109,1208.1060706558767,330.89681095392996,38384.03007065588,12.816361242594352,12.412976715425232,25.81831181959944,13.024456363883589,6287.119332008238,79.29135723399013,0.2474127459251007,60.70697593640847,0.18942391878742224,,37175.924000000006,1512.6000000000001,0.0,,320.4821034482759,,,68.65607040229885,43.64093413793104,68.65607040229885,43.64093413793104,,,,,0.5963729624072203,0.11484128153249978,0.07377455861954366,0.04290403220944863,0.03502547046482063,0.013218695583036512,0.0,0.014154065085746858,0.048018860280357595,,,,,0.5963729624072203,,0.07377455861954366,0.04290403220944863,0.03502547046482063,0.013218695583036512,0.0,,0.048018860280357595
2.0.0a3,de92038278eca0955015085455ab48e5,furnace_or_boiler,two_stage,central,single_stage,cooling_ALL,725290,Very-Cold/Cold,2018-01-01T00:00:00,2018-12-31T00:00:00,364,47,46,71.0,,76.0,,73.0,,9.74841281117337,48.2083643629482,3422.7938697693226,494.52526577139884,35111.29386976932,9.814057265616706,29.78389220617128,189.3163107299147,13441.458061823943,635.6332121383651,45129.95806182393,12.61440248987698,8.857342449839434,50.389482391136575,10.591411246321503,11461.149860675456,107.05675999522616,0.23986714295915104,87.81292591611717,0.1967501693057203,31688.5,,,,446.3169014084507,,77.08726525821596,74.9019017253521,,,77.08726525821596,74.9019017253521,,,,,,,,,,,,,,,,,,,,,,,,,,
2.0.0a3,de92038278eca0955015085455ab48e5,furnace_or_boiler,two_stage,central,single_stage,heating_ALL,725290,Very-Cold/Cold,2018-01-01T00:00:00,2018-12-31T00:00:00,364,47,46,,195.0,,78.0,,68.0,3.752429474001125,26.03285405308206,5076.406540351001,693.7599822582104,135283.19654035103,34.091262015997344,-35.161818155562266,-173.70659983622255,-33872.786968063396,494.02052836890573,96334.00303193662,24.27609505391949,32.81201145205011,20.35008213930781,6.256055766209263,4839.257824656389,69.5647743089589,0.10418144084687891,56.217998672886644,0.08419307273616757,,130206.79000000001,,,,667.7271282051282,,,76.7124358974359,37.657383384615386,76.7124358974359,37.657383384615386,,,,,,,,,,,,,,,,,,,,,,,,,,
2.0.0a3,671eceb40bbce9c59b3e53d9404aa9e6,furnace_or_boiler,two_stage,none,single_stage,heating_ALL,723925,Marine,2018-01-01T00:00:00,2018-12-31T00:00:00,364,0,47,,130.0,,72.8,,67.0,36.21099134201684,100.53565282866126,13069.634867725963,277.6384989825074,36093.00486772596,8.710407663148233,-22.902130077455084,-33.002132812073455,-4290.277265569549,144.1007133417727,18733.09273443045,4.520900243868507,5.556282698391256,31.87434041200312,9.916903850997485,15279.63213175943,123.61080912185402,0.6979606020248565,87.0870839723673,0.4917317020231073,,23023.370000000003,,,,177.10284615384617,,,69.08112179487179,54.92462415384615,69.08112179487179,54.92462415384615,,,,,,,,,,,,,,,,,,,,,,,,,,
2.0.0a3,ccdd91ee0e997e21cc8f2b91d4ab1c4a,furnace_or_boiler,two_stage,none,single_stage,heating_ALL,725114,Mixed-Humid,2018-01-01T00:00:00,2018-12-31T00:00:00,364,0,54,,115.0,,66.4,,69.0,20.535626506099767,109.11173891418701,12547.849975131507,531.3289997837522,61102.83497513151,12.42003796637876,33.20675256540096,209.90840614936727,24139.466707177235,632.1256670189324,72694.45170717723,14.776202291034297,9.86950535768743,42.77998193097865,18.639626513816285,39773.608278605316,199.43321759076474,0.47234738148797584,153.1872911906397,0.3628162687502337,,48554.985,,,,422.2172608695652,,,63.467898550724634,36.008706043478256,63.467898550724634,36.008706043478256,,,,,,,,,,,,,,,,,,,,,,,,,,
2.0.0a3,f6a07c171c08e245de7db794f05d8613,heat_pump_electric_backup,two_stage,heat_pump,two_stage,cooling_ALL,727935,Marine,2018-01-01T00:00:00,2018-12-27T00:00:00,360,2,38,12.0,,71.37,,,,2.1632648548086934e-05,1.75701851693096e-05,0.0002108422220317152,81.22068423685182,974.6482108422219,8074215.5218087,,,,,,,8074213.775142034,1.0059266317262937e-05,8074213.509466199,10334.32456628548,101.65788000093983,1.2516257767022327,58.66511251415662,0.7222929202849433,974.6480000000001,,,,81.22066666666667,,73.11666666666667,73.3823425,,,73.11666666666667,73.3823425,,,,,,,,,,,,,,,,,,,,,,,,,,
2.0.0a3,f6a07c171c08e245de7db794f05d8613,heat_pump_electric_backup,two_stage,heat_pump,two_stage,heating_ALL,727935,Marine,2018-01-01T00:00:00,2018-12-27T00:00:00,360,2,38,,194.0,,70.3,,67.0,13.83690359509894,35.89934821608954,6964.473553921371,259.4463997624813,50332.60155392137,14.740531357240224,-8.771064007535673,-18.02635209740559,-3497.1123068966845,205.52069944898614,39871.01569310331,11.67672520244322,12.700898243933565,17.60088516992618,6.903387643093672,16447.69137136873,128.2485530965895,0.5736982537207592,95.27318048261257,0.42618849062673025,,43368.128,0.0,0.0,,223.54705154639174,,,68.23429982817869,48.84900619845361,68.23429982817869,48.84900619845361,,,,,,,0.0,0.0,0.0,0.0,0.0,0.0,0.0,,,,,,,0.0,0.0,0.0,0.0,0.0,0.0,0.0
2.0.0a3,7b166b8b8ec5c6dbc9752c9214bff455,furnace_or_boiler,single_stage,central,two_stage,cooling_ALL,724938,Marine,2018-01-01T00:00:00,2018-12-31T00:00:00,364,3,41,36.0,,71.0,,,,6.262138979606849,10.657399301785034,383.66637486426123,170.1878437462295,6126.762374864262,43.35468382923054,,,,,,,40.639753273674984,3.9254776811792977,48.1712692458972,12377.183380215007,111.25279043788073,0.6973765466855694,90.46617222057061,0.5670777921769968,5743.096,,,,159.53044444444444,,73.71493055555555,66.18341458333333,,,73.71493055555555,66.18341458333333,,,,,,,,,,,,,,,,,,,,,,,,,,
2.0.0a3,7b166b8b8ec5c6dbc9752c9214bff455,furnace_or_boiler,single_stage,central,two_stage,heating_ALL,724938,Marine,2018-01-01T00:00:00,2018-12-31T00:00:00,364,3,41,,109.0,,71.0,,67.0,4.4405975292762955e-06,2.0894030788736642e-05,0.002277449355972294,470.5229566738474,51287.00227744936,59037912.32711231,-2.3165803093517025e-06,-1.0900041428750571e-05,-0.0011881045157338121,470.5229248797751,51286.998811895486,59037908.33781567,59037909.70547622,7.969844090468736e-06,-59196294.57547913,165389.25622939822,406.68077927214387,0.8643165897920269,319.52352081627646,0.6790817121097769,,51287.0,,,,470.5229357798165,,,68.37014525993884,53.33027952088922,68.37014525993884,53.33027952088922,,,,,,,,,,,,,,,,,,,,,,,,,,
2.0.0a3,06bc115f3447ae8e5017e4b62ab3643b,furnace_or_boiler,two_stage,central,two_stage,cooling_ALL,725750,Very-Cold/Cold,2018-01-01T00:00:00,2018-12-31T00:00:00,364,7,57,125.0,,69.0,,73.0,,9.037545737203304,45.354458628339444,5669.307328542431,501.84485862833947,62730.607328542435,16.947461005312352,-15.277523927275219,-60.497855704908524,-7562.231963113565,395.9925442950915,49499.068036886434,13.372794574758464,15.415826465662557,29.611801937235974,12.954701901593195,13576.609414039964,116.5187084293332,0.25524897879415026,84.41171516673883,0.1849145462133241,57061.30000000001,,,,456.4904000000001,,70.60936666666667,72.691052,,,70.60936666666667,72.691052,,,,,,,,,,,,,,,,,,,,,,,,,,
2.0.0a3,06bc115f3447ae8e5017e4b62ab3643b,furnace_or_boiler,two_stage,central,two_stage,heating_ALL,725750,Very-Cold/Cold,2018-01-01T00:00:00,2018-12-31T00:00:00,364,7,57,,155.0,,69.80999999999999,,68.0,7.7764569688094864,17.196115902083648,2665.397964822965,221.13047074079336,34275.22296482297,24.47574039744439,0.5392592588992613,1.1056974665077735,171.3831073087049,205.04005230521744,31781.208107308703,22.694778672920023,22.572394977639608,9.03467952960812,7.908409790772348,3376.445009587811,58.107185524578725,0.284930832622759,44.26295141092346,0.21704509495680965,,31609.825,,,,203.93435483870968,,,67.90260752688172,37.455470435483875,67.90260752688172,37.455470435483875,,,,,,,,,,,,,,,,,,,,,,,,,,
