sw_version,ct_identifier,heat_type,heat_stage,cool_type,cool_stage,heating_or_cooling,station,climate_zone,start_date,end_date,n_days_in_inputfile_date_range,n_days_both_heating_and_cooling,n_days_insufficient_data,n_core_cooling_days,n_core_heating_days,baseline_percentile_core_cooling_comfort_temperature,baseline_percentile_core_heating_comfort_temperature,regional_average_baseline_cooling_comfort_temperature,regional_average_baseline_heating_comfort_temperature,percent_savings_baseline_percentile,avoided_daily_mean_core_day_runtime_baseline_percentile,avoided_total_core_day_runtime_baseline_percentile,baseline_daily_mean_core_day_runtime_baseline_percentile,baseline_total_core_day_runtime_baseline_percentile,_daily_mean_core_day_demand_baseline_baseline_percentile,percent_savings_baseline_regional,avoided_daily_mean_core_day_runtime_baseline_regional,avoided_total_core_day_runtime_baseline_regional,baseline_daily_mean_core_day_runtime_baseline_regional,baseline_total_core_day_runtime_baseline_regional,_daily_mean_core_day_demand_baseline_baseline_regional,mean_demand,alpha,tau,mean_sq_err,root_mean_sq_err,cv_root_mean_sq_err,mean_abs_err,mean_abs_pct_err,total_core_cooling_runtime,total_core_heating_runtime,total_auxiliary_heating_core_day_runtime,total_emergency_heating_core_day_runtime,daily_mean_core_cooling_runtime,daily_mean_core_heating_runtime,core_cooling_days_mean_indoor_temperature,core_cooling_days_mean_outdoor_temperature,core_heating_days_mean_indoor_temperature,core_heating_days_mean_outdoor_temperature,core_mean_indoor_temperature,core_mean_outdoor_temperature,rhu1_00F_to_05F,rhu1_05F_to_10F,rhu1_10F_to_15F,rhu1_15F_to_20F,rhu1_20F_to_25F,rhu1_25F_to_30F,rhu1_30F_to_35F,rhu1_35F_to_40F,rhu1_40F_to_45F,rhu1_45F_to_50F,rhu1_50F_to_55F,rhu1_55F_to_60F,rhu1_30F_to_45F,rhu2_00F_to_05F,rhu2_05F_to_10F,rhu2_10F_to_15F,rhu2_15F_to_20F,rhu2_20F_to_25F,rhu2_25F_to_30F,rhu2_30F_to_35F,rhu2_35F_to_40F,rhu2_40F_to_45F,rhu2_45F_to_50F,rhu2_50F_to_55F,rhu2_55F_to_60F,rhu2_30F_to_45F
2.0.0a3,f6a07c171c08e245de7db794f05d8613,heat_pump_electric_backup,two_stage,heat_pump,two_stage,cooling_ALL,727935,Marine,2018-01-01T00:00:00,2018-12-27T00:00:00,360,2,38,10.0,,71.58999999999999,,,,2.1523360708250585e-05,1.7808432482979696e-05,0.00017808432482979697,82.7400178084325,827.4001780843249,7592525.577229435,,,,,,,7592523.943062767,1.08975619465249e-05,7592523.485641934,11807.952894328155,108.66440490946498,1.3133237238272295,65.88400265978427,0.7962775279161745,827.4000000000001,,,,82.74000000000001,,73.22416666666665,73.68158749999999,,,73.22416666666665,73.68158749999999,,,,,,,,,,,,,,,,,,,,,,,,,,
2.0.0a3,f6a07c171c08e245de7db794f05d8613,heat_pump_electric_backup,two_stage,heat_pump,two_stage,heating_ALL,727935,Marine,2018-01-01T00:00:00,2018-12-27T00:00:00,360,2,38,,192.0,,70.3,,67.0,14.480530000901023,34.44207518171419,6612.878434889124,237.85092934838084,45667.37843488912,14.11255855888473,-9.044434267563249,-16.87126925191472,-3239.283696367626,186.53758491475193,35815.21630363237,11.067951669368957,12.0689852828707,16.85384888614963,7.694241939489695,14806.90342703166,121.68362020843915,0.5982218458825569,89.78730634196911,0.44141296950820186,,39054.5,0.0,0.0,,203.40885416666666,,,68.22356770833333,48.6948133203125,68.22356770833333,48.6948133203125,,,,,,,0.0,0.0,0.0,0.0,0.0,0.0,0.0,,,,,,,0.0,0.0,0.0,0.0,0.0,0.0,0.0
2.0.0a3,ccdd91ee0e997e21cc8f2b91d4ab1c4a,furnace_or_boiler,two_stage,none,single_stage,heating_ALL,725114,Mixed-Humid,2018-01-01T00:00:00,2018-12-31T00:00:00,364,0,54,,115.0,,66.4,,69.0,20.930099583698556,109.63016771386567,12607.469287094553,523.7919068443005,60236.06928709456,12.017073267686978,33.8029998879509,211.4885749765478,24321.186122302995,625.6503141069827,71949.786122303,14.353955390169642,9.501887865714076,43.58731075167347,19.09797301623196,40447.14728195751,201.11476147204488,0.485594738650415,154.72272180480715,0.3735804329237647,,47628.600000000006,,,,414.16173913043485,,,63.467898550724634,36.008706043478256,63.467898550724634,36.008706043478256,,,,,,,,,,,,,,,,,,,,,,,,,,
2.0.0a3,7b166b8b8ec5c6dbc9752c9214bff455,furnace_or_boiler,single_stage,central,two_stage,cooling_ALL,724938,Marine,2018-01-01T00:00:00,2018-12-31T00:00:00,364,3,41,34.0,,71.0,,,,6.164059774430694,10.129939591322099,344.4179461049514,164.33876312073386,5587.517946104951,43.78241951836326,,,,,,,41.08364500855933,3.7535331516296577,48.62220525365737,11852.923544219431,108.87113274059121,0.7059980761725128,88.48504516374294,0.573800144106971,5243.099999999999,,,,154.20882352941175,,73.69877450980391,66.16021426470589,,,73.69877450980391,66.16021426470589,,,,,,,,,,,,,,,,,,,,,,,,,,
2.0.0a3,7b166b8b8ec5c6dbc9752c9214bff455,furnace_or_boiler,single_stage,central,two_stage,heating_ALL,724938,Marine,2018-01-01T00:00:00,2018-12-31T00:00:00,364,3,41,,109.0,,71.0,,67.0,4.4405975292762955e-06,2.0894030788736642e-05,0.002277449355972294,470.5229566738474,51287.00227744936,59037912.32711231,-2.3165803093517025e-06,-1.0900041428750571e-05,-0.0011881045157338121,470.5229248797751,51286.998811895486,59037908.33781567,59037909.70547622,7.969844090468736e-06,-59196294.57547913,165389.25622939822,406.68077927214387,0.8643165897920269,319.52352081627646,0.6790817121097769,,51287.0,,,,470.5229357798165,,,68.37014525993884,53.33027952088922,68.37014525993884,53.33027952088922,,,,,,,,,,,,,,,,,,,,,,,,,,
2.0.0a3,dc567feddd6e161330c96cdc12aaadbb,furnace_or_boiler,single_stage,central,two_stage,cooling_ALL,722540,Hot-Humid,2018-01-01T00:00:00,2018-12-31T00:00:00,364,0,41,156.0,,77.0,,75.0,,24.702746112647176,71.05884154202552,11085.17928055598,287.6556364138204,44874.27928055598,8.784933687530627,37.16228732992209,128.09556528620624,19982.90818464817,344.69236015800107,53772.00818464816,10.526821460331998,6.614813822535523,32.74420122511796,3.2212352110629463,5442.155792847732,73.77096849606716,0.3405912286916927,58.53545726304763,0.2702508007918361,33789.100000000006,,,,216.5967948717949,,79.59626068376069,81.78701783653845,,,79.59626068376069,81.78701783653845,,,,,,,,,,,,,,,,,,,,,,,,,,
2.0.0a3,dc567feddd6e161330c96cdc12aaadbb,furnace_or_boiler,single_stage,central,two_stage,heating_ALL,722540,Hot-Humid,2018-01-01T00:00:00,2018-12-31T00:00:00,364,0,41,,1.0,,76.72,,70.0,18.725073917248945,10.782334744112852,10.782334744112852,57.58233474411285,57.58233474411285,23.797444999999996,-11.206093789401624,-4.71597528042998,-4.71597528042998,42.08402471957002,42.08402471957002,17.392352499999998,19.341355833333335,2.419685589949377,0.0,0.0,0.0,0.0,0.0,0.0,,46.8,,,,46.8,,,72.20833333333333,52.92255500000001,72.20833333333333,52.92255500000001,,,,,,,,,,,,,,,,,,,,,,,,,,
2.0.0a3,41149d97387791720ec2a60efe1fd61e,furnace_or_boiler,two_stage,central,two_stage,cooling_ALL,724957,Marine,2018-01-01T00:00:00,2018-12-31T00:00:00,364,4,59,22.0,,66.8,,,,7.334220671519054,22.857300806372397,502.86061774019277,311.65275535182695,6856.360617740193,53.650533043390254,,,,,,,49.71568455854177,5.808940520679926,52.33200099793571,23887.937951715347,154.55723196187017,0.5351788940207985,128.5937910161873,0.44527636772741325,6353.500000000001,,,,288.79545454545456,,70.73484848484848,68.11853204545453,,,70.73484848484848,68.11853204545453,,,,,,,,,,,,,,,,,,,,,,,,,,
2.0.0a3,41149d97387791720ec2a60efe1fd61e,furnace_or_boiler,two_stage,central,two_stage,heating_ALL,724957,Marine,2018-01-01T00:00:00,2018-12-31T00:00:00,364,4,59,,118.0,,68.1,,67.0,5.349221500665841,4.428408412162782,522.5521926352083,82.78603553080684,9768.752192635207,32.592881430215776,2.0432091060878914,1.6344044736382148,192.85972788930934,79.9920315922823,9439.059727889311,31.492881430215782,30.84941600906416,2.540003580476891,-13.862552701402226,818.4767361699385,28.60903242281952,0.36510845816580895,23.408381038966585,0.2987377476799178,,9246.200000000003,,,,78.35762711864409,,,66.35649717514124,49.36967127118644,66.35649717514124,49.36967127118644,,,,,,,,,,,,,,,,,,,,,,,,,,
2.0.0a3,de92038278eca0955015085455ab48e5,furnace_or_boiler,two_stage,central,single_stage,cooling_ALL,725290,Very-Cold/Cold,2018-01-01T00:00:00,2018-12-31T00:00:00,364,47,46,71.0,,76.0,,73.0,,9.74841281117337,48.2083643629482,3422.7938697693226,494.52526577139884,35111.29386976932,9.814057265616706,29.78389220617128,189.3163107299147,13441.458061823943,635.6332121383651,45129.95806182393,12.61440248987698,8.857342449839434,50.389482391136575,10.591411246321503,11461.149860675456,107.05675999522616,0.23986714295915104,87.81292591611717,0.1967501693057203,31688.5,,,,446.3169014084507,,77.08726525821596,74.9019017253521,,,77.08726525821596,74.9019017253521,,,,,,,,,,,,,,,,,,,,,,,,,,
2.0.0a3,de92038278eca0955015085455ab48e5,furnace_or_boiler,two_stage,central,single_stage,heating_ALL,725290,Very-Cold/Cold,2018-01-01T00:00:00,2018-12-31T00:00:00,364,47,46,,195.0,,78.0,,68.0,3.8216190190693693,24.751864732519223,4826.613622841249,647.6800698607244,126297.61362284125,33.428663999297456,-35.98728630936282,-164.84993764143343,-32145.737840079517,458.0782674867718,89325.2621599205,23.642760062832334,32.1511478180795,19.374991171478953,6.921099421430581,4017.576038938928,63.384351688243434,0.10175225839259963,51.201225432001024,0.08219442467124005,,121471.0,,,,622.9282051282051,,,76.7124358974359,37.657383384615386,76.7124358974359,37.657383384615386,,,,,,,,,,,,,,,,,,,,,,,,,,
2.0.0a3,b1f0f017c009d1b7e3551b7ddb6a0e8c,furnace_or_boiler,single_stage,central,two_stage,cooling_ALL,724769,Very-Cold/Cold,2018-01-01T00:00:00,2018-12-31T00:00:00,364,26,44,116.0,,71.0,,73.0,,9.776113295936446,36.89012519535242,4279.254522660881,377.34960795397313,43772.55452266088,15.187585452875256,-2.2826258224614877,-7.59798255664304,-881.3659765705927,332.8615002019777,38611.934023429414,13.397025919015697,13.702829892085008,24.84592492498765,15.670942132235847,4760.516836399014,68.99649872565284,0.2026570039013131,53.077157072145745,0.15589860103786987,39493.3,,,,340.4594827586207,,72.59299568965517,70.28907275080907,,,72.59299568965517,70.28907275080907,,,,,,,,,,,,,,,,,,,,,,,,,,
2.0.0a3,b1f0f017c009d1b7e3551b7ddb6a0e8c,furnace_or_boiler,single_stage,central,two_stage,heating_ALL,724769,Very-Cold/Cold,2018-01-01T00:00:00,2018-12-31T00:00:00,364,26,44,,171.0,,70.8,,68.0,8.191361621180821,21.38414274350132,3656.688409138726,261.057242158706,44640.788409138724,22.053518361802848,-4.2678590550663476,-9.810223561364054,-1677.5482289932534,229.86287585384065,39306.55177100675,19.418289687813694,20.24703492259406,11.837441893664575,12.889892412483642,1973.0129564280733,44.41861047385514,0.18532997896816644,35.64040937336727,0.14870425367022344,,40984.09999999999,,,,239.67309941520463,,,68.96783625730994,36.04576730197417,68.96783625730994,36.04576730197417,,,,,,,,,,,,,,,,,,,,,,,,,,
2.0.0a3,9de5cfcb64148a8ea2305383fc5053b8,none,two_stage,heat_pump,two_stage,cooling_ALL,723150,Mixed-Humid,2018-01-01T00:00:00,2018-12-29T00:00:00,362,0,74,72.0,,72.7,,73.0,,10.638100782747292,17.1282824568948,1233.2363368964257,161.00883801245035,11592.636336896425,9.973228279994188,7.979189972605706,12.475985440685172,898.2709517293323,156.35654099624074,11257.670951729333,9.685055153961153,8.912266204274955,16.144104345372927,9.88420014875748,5170.285604621078,71.90469807057866,0.49975271358202816,60.265019665193854,0.41885451048264916,10359.400000000001,,,,143.8805555555556,,73.83194444444445,72.64230781250001,,,73.83194444444445,72.64230781250001,,,,,,,,,,,,,,,,,,,,,,,,,,
2.0.0a3,8547aa6b3beeb4f63d6da67bf5038e3f,furnace_or_boiler,two_stage,none,single_stage,heating_ALL,725847,Mixed-Dry/Hot-Dry,2018-01-01T00:00:00,2018-12-31T00:00:00,364,0,57,,167.0,,73.2,,69.0,7.561962907517282,61.21984699279743,10223.71444779717,809.5761344179473,135199.2144477972,65.8435769543094,1.2638248861595474,9.578974460691803,1599.688734935531,757.9352618858416,126575.18873493554,61.64357695430941,60.86451008804193,12.295445840977525,-30.01792300221359,132992.84602827823,364.68184219711054,0.4873104540243284,297.5823507807562,0.3976479596431802,,124975.50000000001,,,,748.3562874251498,,,68.22093313373253,37.37434604790419,68.22093313373253,37.37434604790419,,,,,,,,,,,,,,,,,,,,,,,,,,
2.0.0a3,d7eca89c0b9643a794eafee500ec7167,none,two_stage,heat_pump,two_stage,cooling_ALL,722977,Mixed-Dry/Hot-Dry,2018-01-01T00:00:00,2018-12-31T00:00:00,364,0,59,95.0,,74.9,,75.0,,35.421080684251024,98.36556737901685,9344.728901006602,277.7034621158589,26381.828901006596,7.331451145498752,34.63693791650429,95.03403494379822,9028.23331966083,274.3719296806404,26065.333319660836,7.2434977325223615,4.7345719199251945,37.87837586374137,9.162300793092758,7949.549346569521,89.1602453258711,0.49716344365870685,68.2562222620657,0.38060122408721203,17037.100000000002,,,,179.33789473684212,,77.7101754385965,72.79027549999999,,,77.7101754385965,72.79027549999999,,,,,,,,,,,,,,,,,,,,,,,,,,
2.0.0a3,afb7a8d7c5fce4909cdb39aa25a684a9,heat_pump_electric_backup,two_stage,heat_pump,two_stage,cooling_ALL,720592,Hot-Humid,2018-01-01T00:00:00,2018-12-31T00:00:00,364,0,45,150.0,,73.5,,75.0,,25.102381946870363,75.61989521651965,11342.984282477948,301.2458952165197,45186.88428247796,13.954342482644233,16.584393110953656,44.85815568097713,6728.723352146569,270.4841556809771,40572.62335214656,12.52939410772172,10.451470134476486,21.587967730560962,11.019347794421076,6594.2247502413675,81.2048320621462,0.3599090178532004,63.81022342072078,0.28281414119259646,33843.9,,,,225.626,,77.11536111111111,76.28216130072263,,,77.11536111111111,76.28216130072263,,,,,,,,,,,,,,,,,,,,,,,,,,
2.0.0a3,afb7a8d7c5fce4909cdb39aa25a684a9,heat_pump_electric_backup,two_stage,heat_pump,two_stage,heating_ALL,720592,Hot-Humid,2018-01-01T00:00:00,2018-12-31T00:00:00,364,0,45,,61.0,,69.8,,70.0,25.69308008094815,77.78287392099696,4744.755309180815,302.73861162591504,18467.055309180818,6.183293134747584,27.0054458887686,83.22579781364053,5076.7736666320725,308.1815355185586,18799.073666632074,6.294462284125607,4.594614677997116,48.96074066497795,18.987828436859033,7007.209630214161,83.70907734657072,0.37211354642740757,70.26799960406323,0.31236366905313667,,13722.299999999997,578.4,0.0,,224.955737704918,,,67.52916666666667,48.04251192622951,67.52916666666667,48.04251192622951,,,,,,0.18398280032249395,0.057248790297241246,0.05236032677230111,0.01518222646158738,0.0,0.0,0.0,0.04199345970807967,,,,,,0.18398280032249395,0.057248790297241246,0.05236032677230111,0.01518222646158738,0.0,,,0.04199345970807967
2.0.0a3,8d8ab9cf300193380208c87b77b902d3,furnace_or_boiler,two_stage,central,two_stage,cooling_ALL,722909,Mixed-Dry/Hot-Dry,2018-01-01T00:00:00,2018-12-31T00:00:00,364,10,37,143.0,,71.0,,75.0,,33.40334091335902,170.0597983666126,24318.5511664256,509.1101480169622,72802.7511664256,10.469848193794652,-3.555549585609927,-11.641194846864288,-1664.690863101593,327.40915480348536,46819.50913689841,6.733167982220018,6.972569108510263,48.62631612163254,13.269811502253212,11811.3552578662,108.6800591546867,0.3205425367257828,88.26546864260811,0.2603314485109161,48484.2,,,,339.05034965034963,,74.55783799533799,68.10502143982002,,,74.55783799533799,68.10502143982002,,,,,,,,,,,,,,,,,,,,,,,,,,
2.0.0a3,8d8ab9cf300193380208c87b77b902d3,furnace_or_boiler,two_stage,central,two_stage,heating_ALL,722909,Mixed-Dry/Hot-Dry,2018-01-01T00:00:00,2018-12-31T00:00:00,364,10,37,,51.0,,71.8,,69.0,35.21954182862953,54.70653809960553,2790.033443079882,155.33006751137023,7921.833443079882,8.692616134419191,13.117998973701104,15.192782624264817,774.8319138375057,115.8163120360295,5906.631913837505,6.4813384733746,5.631116558955224,17.869196696300314,7.264286178473644,3255.4855467712173,57.056862398586354,0.5670330064164434,38.41629506857283,0.381782424977048,,5131.799999999999,,,,100.6235294117647,,,68.20522875816994,56.510180147058826,68.20522875816994,56.510180147058826,,,,,,,,,,,,,,,,,,,,,,,,,,
2.0.0a3,deecc6f531ff656f2e0c339a455952d0,none,two_stage,heat_pump,two_stage,cooling_ALL,722580,Hot-Humid,2018-01-01T00:00:00,2018-12-31T00:00:00,364,0,40,189.0,,66.5,,75.0,,16.560414307391106,71.03152298227073,13424.957843649168,428.92358647433434,81066.55784364919,21.85928568886187,-25.89294723208232,-73.60920939993294,-13912.140576587326,284.28285409213055,53729.45942341267,14.487942188315078,18.239297414150094,19.622031231006186,9.969411957804441,64485.24296328903,253.93944743440125,0.7095419913943761,177.61349309896775,0.496276702439104,67641.6,,,,357.8920634920635,,70.48370811287478,77.74189222222222,,,70.48370811287478,77.74189222222222,,,,,,,,,,,,,,,,,,,,,,,,,,
2.0.0a3,63f844eff16646efaa15e3a5c6d34910,furnace_or_boiler,two_stage,central,single_stage,cooling_ALL,724945,Marine,2018-01-01T00:00:00,2018-12-31T00:00:00,364,11,48,96.0,,67.5,,,,29.786709464124826,115.58592656692781,11096.24895042507,388.0453015669278,37252.34895042507,12.495545573745046,,,,,,,8.7735337177363,31.05469059168311,11.770692263490943,14405.825153500531,120.02426901881357,0.440521707204289,101.14019761742935,0.3712120297472949,26156.1,,,,272.45937499999997,,71.44743923611111,68.20881149435273,,,71.44743923611111,68.20881149435273,,,,,,,,,,,,,,,,,,,,,,,,,,
2.0.0a3,63f844eff16646efaa15e3a5c6d34910,furnace_or_boiler,two_stage,central,single_stage,heating_ALL,724945,Marine,2018-01-01T00:00:00,2018-12-31T00:00:00,364,11,48,,77.0,,69.4,,67.0,21.34986353029865,32.13481945487269,2474.381098025197,150.51533893539215,11589.681098025196,9.526221009184344,0.18140989582273268,0.21514427006020495,16.56610879463578,118.59566375057969,9131.866108794637,7.506002455363572,7.492385824128849,15.80010990615046,7.8018438782616455,1977.016321986275,44.46365169423532,0.3755993966689103,33.492852338888504,0.28292537054122346,,9115.300000000003,,,,118.38051948051952,,,67.15265151515152,52.64228402815377,67.15265151515152,52.64228402815377,,,,,,,,,,,,,,,,,,,,,,,,,,
2.0.0a3,ae2e1faab91243ff640683047a53a350,furnace_or_boiler,two_stage,none,single_stage,heating_ALL,726170,,2018-01-01T00:00:00,2018-12-31T00:00:00,364,0,44,,158.0,,71.2,,,2.2498744621678086,1.9150239054521512,302.5737770614399,85.11692263962938,13448.473777061441,150.62490663375056,,,,,,,147.23603532573367,0.5650919528640372,-116.7746825989404,2435.809778771254,49.35392364109721,0.5931826603955119,38.749922929742915,0.4657336373241377,,13145.9,,,,83.2018987341772,,,67.81112869198311,37.34977596518988,67.81112869198311,37.34977596518988,,,,,,,,,,,,,,,,,,,,,,,,,,
2.0.0a3,22c341d0548fc92996a4f229caa5c9b0,furnace_or_boiler,two_stage,central,two_stage,cooling_ALL,722543,Hot-Humid,2018-01-01T00:00:00,2018-12-31T00:00:00,364,0,55,134.0,,75.9,,75.0,,13.399481556482085,36.169053778135456,4846.653206270151,269.92875527067275,36170.45320627015,7.456795847658572,21.75026063549117,64.97573633891702,8706.748669414881,298.73543783145436,40030.548669414886,8.25258194569269,6.457623863347039,36.19902714051507,-0.24971608306949095,4615.165404522424,67.9350086812567,0.2906189914151029,51.72871613756329,0.22129013601266387,31323.799999999996,,,,233.7597014925373,,76.9597947761194,83.09520497201493,,,76.9597947761194,83.09520497201493,,,,,,,,,,,,,,,,,,,,,,,,,,
2.0.0a3,22c341d0548fc92996a4f229caa5c9b0,furnace_or_boiler,two_stage,central,two_stage,heating_ALL,722543,Hot-Humid,2018-01-01T00:00:00,2018-12-31T00:00:00,364,0,55,,59.0,,70.0,,70.0,13.43700235092846,21.48250496807306,1267.4677931163105,159.87572530705614,9432.667793116312,9.761699071756288,13.43700235092846,21.48250496807306,1267.4677931163105,159.87572530705614,9432.667793116312,9.761699071756288,8.450019337993833,16.377858417048284,10.085197374681906,1463.8010646271787,38.25965322147051,0.2764561235568951,29.000806194768504,0.2095536625546639,,8165.200000000001,,,,138.39322033898307,,,68.5707627118644,51.34059805084746,68.5707627118644,51.34059805084746,,,,,,,,,,,,,,,,,,,,,,,,,,
2.0.0a3,757b50a290c1a79e4c9941bfc2b7b5f3,none,two_stage,heat_pump,two_stage,cooling_ALL,725462,Very-Cold/Cold,2018-01-01T00:00:00,2018-12-31T00:00:00,364,0,49,71.0,,69.7,,73.0,,17.60511408383258,34.77484651125084,2469.01410229881,197.52695918730714,14024.414102298808,10.247717637799212,-13.697698751170503,-19.607515675687562,-1392.133612973817,143.14459700036878,10163.266387026184,7.4263554578660305,8.443595256675625,19.275214849667524,4.694085822373123,3670.957291025197,60.58842538823069,0.3722742789141337,46.61152892383303,0.2863958455433951,11555.399999999996,,,,162.75211267605627,,71.6900234741784,74.89971056338028,,,71.6900234741784,74.89971056338028,,,,,,,,,,,,,,,,,,,,,,,,,,
2.0.0a3,1c284aa00da14ab62f094b31e87cd4c3,none,two_stage,heat_pump,two_stage,cooling_ALL,745058,Marine,2018-01-01T00:00:00,2018-12-31T00:00:00,364,0,44,1.0,,71.42,,,,33.74831294377515,41.41385622377331,41.41385622377331,122.7138562237733,122.7138562237733,1.4954549999999998,,,,,,,0.9907641666666672,82.0578728372123,0.0,0.0,0.0,0.0,0.0,0.0,81.3,,,,81.3,,73.52083333333333,66.47462,,,73.52083333333333,66.47462,,,,,,,,,,,,,,,,,,,,,,,,,,
2.0.0a3,c1c286d28c1aad436441ee642f05860e,none,single_stage,central,two_stage,cooling_ALL,725020,,2018-01-01T00:00:00,2018-12-31T00:00:00,364,0,80,108.0,,67.2,,,,26.48431476264166,141.9086942672534,15326.138980863367,535.8216572302164,57868.738980863374,9.44139775109199,,,,,,,6.940908252699819,56.75236563021013,3.1389258321702824,17141.465616448175,130.92542005450346,0.33237144335057967,104.76213877750551,0.26595250379550367,42542.600000000006,,,,393.91296296296304,,69.86114969135802,72.53983069444443,,,69.86114969135802,72.53983069444443,,,,,,,,,,,,,,,,,,,,,,,,,,
2.0.0a3,671eceb40bbce9c59b3e53d9404aa9e6,furnace_or_boiler,two_stage,none,single_stage,heating_ALL,723925,Marine,2018-01-01T00:00:00,2018-12-31T00:00:00,364,0,47,,130.0,,72.8,,67.0,36.45470721361023,98.47052473140096,12801.168215082125,270.1174478083241,35115.26821508213,8.624146138958386,-22.922749861318362,-32.008879451495396,-4161.154328694402,139.63804362542768,18152.9456713056,4.458278813734682,5.480238914327235,31.321065698099183,10.021441560751782,15312.984695720312,123.74564515860877,0.7209313335791783,87.20605095569285,0.5080548453327749,,22314.1,,,,171.64692307692306,,,69.08112179487179,54.92462415384615,69.08112179487179,54.92462415384615,,,,,,,,,,,,,,,,,,,,,,,,,,
2.0.0a3,edc68dcfe951346bbaa77fd83ca29136,none,single_stage,central,two_stage,cooling_ALL,911780,Hot-Humid,2018-01-01T00:00:00,2018-12-31T00:00:00,364,0,50,299.0,,75.7,,75.0,,15.180939858005601,43.10725284607178,12889.068600975463,283.9564167256704,84902.96860097545,7.553429589149711,21.86495348033845,67.39812668673187,20152.039879332828,308.24729056633055,92165.93987933283,8.199582993006764,6.406747986004093,37.59304477181675,6.039481465182783,4154.903769458484,64.45854302928731,0.26763033755645654,47.40308345097382,0.19681647503941838,72013.9,,,,240.84916387959865,,76.83326365663322,76.95911546868743,,,76.83326365663322,76.95911546868743,,,,,,,,,,,,,,,,,,,,,,,,,,
2.0.0a3,942ff6382c6e039693489d0d65d7c342,heat_pump_electric_backup,two_stage,heat_pump,two_stage,cooling_ALL,724950,Mixed-Dry/Hot-Dry,2018-01-01T00:00:00,2018-12-31T00:00:00,364,2,43,103.0,,64.8,,75.0,,29.85146195818456,86.1661343376391,8875.111836776827,288.6496294832702,29730.911836776828,5.9040113110021535,-100.83879806255413,-101.66458112157649,-10471.451855522379,100.81891402405459,10384.348144477623,2.062140214163937,4.1415776204914305,48.890426233664265,-4.490896524635143,8794.154926428751,93.77715567465646,0.4631348130730835,73.8035798499373,0.36449183078776853,20855.8,,,,202.48349514563105,,67.70760517799351,71.40075740291262,,,67.70760517799351,71.40075740291262,,,,,,,,,,,,,,,,,,,,,,,,,,
2.0.0a3,942ff6382c6e039693489d0d65d7c342,heat_pump_electric_backup,two_stage,heat_pump,two_stage,heating_ALL,724950,Mixed-Dry/Hot-Dry,2018-01-01T00:00:00,2018-12-31T00:00:00,364,2,43,,141.0,,67.6,,69.0,10.276096815014121,19.04336729949041,2685.114789228148,185.31712616473865,26129.71478922815,11.959375068250251,19.119262963396043,39.30517742708328,5542.030017218743,205.5789362923315,28986.63001721874,13.266963804879719,10.730418107766194,15.495552661168604,2.266309523959493,1706.95046323688,41.31525702736073,0.24847731421554908,30.866483826349516,0.18563653120613194,,23444.600000000002,51.8,1577.2,,166.27375886524825,,,66.29343971631205,53.71949398936171,66.29343971631205,53.71949398936171,,,,,,,,,0.030765042199836647,0.20650187357694938,0.07190191314645976,0.04541698720688378,0.030765042199836647,,,,,,,,,,0.20650187357694938,0.07190191314645976,0.04541698720688378,
2.0.0a3,3d445c99a1b449fed6317ee4765df0a0,furnace_or_boiler,two_stage,central,single_stage,cooling_ALL,722267,Hot-Humid,2018-01-01T00:00:00,2018-12-31T00:00:00,364,9,67,230.0,,64.6,,75.0,,9.046772813063564,43.524424256041556,10010.617578889558,481.10442425604157,110654.01757888956,24.373388310173304,-50.104835770832054,-146.06374221063615,-33594.66070844632,291.5162577893638,67048.73929155368,14.76860031128579,22.16838324290613,19.738922554942086,18.328375765088495,19371.308170561486,139.1808469961348,0.31806948899889115,90.33683399138896,0.20644644177382188,100643.4,,,,437.58,,66.83860507246376,70.46867234782609,,,66.83860507246376,70.46867234782609,,,,,,,,,,,,,,,,,,,,,,,,,,
2.0.0a3,3d445c99a1b449fed6317ee4765df0a0,furnace_or_boiler,two_stage,central,single_stage,heating_ALL,722267,Hot-Humid,2018-01-01T00:00:00,2018-12-31T00:00:00,364,9,67,,19.0,,67.4,,70.0,11.168807735446897,17.217164628592165,327.12612794325116,154.15400673385534,2928.9261279432512,24.96402677429251,19.53496050396035,33.244944870685515,631.6539525430248,170.18178697594868,3233.453952543025,27.559599497789037,22.17584262084629,6.1750457218945245,4.219906028526751,4361.029813822657,66.03809365678765,0.4822522021212105,49.174283834708945,0.35910192668901153,,2601.7999999999997,,,,136.93684210526314,,,64.59583333333333,38.22049447368421,64.59583333333333,38.22049447368421,,,,,,,,,,,,,,,,,,,,,,,,,,
2.0.0a3,06bc115f3447ae8e5017e4b62ab3643b,furnace_or_boiler,two_stage,central,two_stage,cooling_ALL,725750,Very-Cold/Cold,2018-01-01T00:00:00,2018-12-31T00:00:00,364,7,57,125.0,,69.0,,73.0,,9.347728014131144,45.38181913841121,5672.727392301401,485.4850191384112,60685.6273923014,16.31391099249541,-15.592137144024543,-59.36519231731149,-7420.6490396639365,380.7380076826885,47592.25096033606,12.794063099657814,14.788930964449499,29.758959660975222,12.268500159143773,13042.975566913914,114.20584734116687,0.2594978799090006,83.45410883548655,0.18962395373513885,55012.9,,,,440.1032,,70.60936666666667,72.691052,,,70.60936666666667,72.691052,,,,,,,,,,,,,,,,,,,,,,,,,,
2.0.0a3,06bc115f3447ae8e5017e4b62ab3643b,furnace_or_boiler,two_stage,central,two_stage,heating_ALL,725750,Very-Cold/Cold,2018-01-01T00:00:00,2018-12-31T00:00:00,364,7,57,,155.0,,69.80999999999999,,68.0,7.673413069802211,16.319585052669566,2529.535683163783,212.6770044075083,32964.935683163785,24.81493462401514,0.5246132825044956,1.0355497345730473,160.51020885882235,197.39296908941176,30595.910208858822,23.03160906765652,22.910782187313085,8.570524469634748,7.565123940925154,3141.0479573284515,56.04505292466456,0.2854236580864062,42.63547877110017,0.2171319979208595,,30435.4,,,,196.35741935483873,,,67.90260752688172,37.455470435483875,67.90260752688172,37.455470435483875,,,,,,,,,,,,,,,,,,,,,,,,,,
2.0.0a3,fa57ae7d687219a0a58ae809e186f41b,heat_pump_electric_backup,two_stage,heat_pump,two_stage,cooling_ALL,725190,Very-Cold/Cold,2018-01-01T00:00:00,2018-12-31T00:00:00,364,2,57,88.0,,71.71000000000001,,73.0,,16.016318381611917,40.45881389744655,3560.375622975296,252.60995026108293,22229.675622975297,9.631724952107605,5.425894218719423,12.171509471655549,1071.0928335056883,224.32264583529192,19740.392833505688,8.553162783102936,8.089077218136891,26.22686502336293,9.517888899309714,5556.683202852953,74.54316335421346,0.35136820208421227,56.095405588535414,0.2644124681584803,18669.3,,,,212.15113636363637,,73.34124053030304,71.14274707386363,,,73.34124053030304,71.14274707386363,,,,,,,,,,,,,,,,,,,,,,,,,,
2.0.0a3,fa57ae7d687219a0a58ae809e186f41b,heat_pump_electric_backup,two_stage,heat_pump,two_stage,heating_ALL,725190,Very-Cold/Cold,2018-01-01T00:00:00,2018-12-31T00:00:00,364,2,57,,183.0,,68.4,,68.0,2.7151377588373182,10.686260812739063,1955.5857287312485,393.58079633186475,72025.28572873125,26.352573532526137,1.2533527030204383,4.859931088306737,889.3673891601328,387.7544666074324,70959.06738916013,25.96246612911923,25.637064858119146,14.935193932618407,7.559170706149684,3951.9415212709537,62.864469466233096,0.16418220589385507,46.63343038362333,0.12179184098409254,,70069.7,47.2,0.0,,382.89453551912567,,,67.69549180327868,34.67167442622951,67.69549180327868,34.67167442622951,0.0,0.0012781083995686386,0.0,0.0,0.002028804302952382,0.006861277445109779,0.001807769361007494,0.0,0.0,0.0,0.0,0.0,0.0008426613004653503,,0.0012781083995686386,,0.0,0.002028804302952382,0.006861277445109779,0.001807769361007494,0.0,0.0,0.0,,,0.0008426613004653503
2.0.0a3,f5ee83ff1eb790c96f7747a4f8088af1,furnace_or_boiler,two_stage,central,single_stage,cooling_ALL,723086,Mixed-Humid,2018-01-01T00:00:00,2018-12-31T00:00:00,364,2,76,118.0,,73.0,,73.0,,16.566851728237193,45.78322570453974,5402.420633135689,276.3544121452177,32609.820633135685,10.289921990600348,16.566851728237193,45.78322570453974,5402.420633135689,276.3544121452177,32609.820633135685,10.289921990600348,8.585205871466316,26.85680342354998,5.27276039114963,6376.789652116278,79.85480356319385,0.3463347038106132,62.996577777655816,0.2732196453083863,27207.399999999994,,,,230.5711864406779,,74.76772598870058,77.73925625,,,74.76772598870058,77.73925625,,,,,,,,,,,,,,,,,,,,,,,,,,
2.0.0a3,f5ee83ff1eb790c96f7747a4f8088af1,furnace_or_boiler,two_stage,central,single_stage,heating_ALL,723086,Mixed-Humid,2018-01-01T00:00:00,2018-12-31T00:00:00,364,2,76,,135.0,,67.3,,69.0,10.197379472978746,67.50051017140544,9112.568873139735,661.9397694306647,89361.86887313973,19.862836922334335,16.99304034885086,121.69257083967624,16428.49706335629,716.1318300989356,96677.7970633563,21.488978926862835,17.837348067264976,33.32554015415395,1.356128262540584,13357.770968011864,115.5758234580739,0.19442831484935041,90.59477924481898,0.15240376175306902,,80249.3,,,,594.4392592592593,,,65.29280864197531,46.301463722222216,65.29280864197531,46.301463722222216,,,,,,,,,,,,,,,,,,,,,,,,,,
2.0.0a3,c61badb0e0c0a7e06932de804af43111,heat_pump_electric_backup,two_stage,heat_pump,two_stage,cooling_ALL,723170,Mixed-Humid,2018-01-01T00:00:00,2018-12-31T00:00:00,364,17,51,159.0,,70.9,,73.0,,7.949942200976018,26.653401651166952,4237.890862535545,335.26535133670154,53307.19086253554,12.168302421738765,-9.462769099731771,-26.678693087249965,-4241.9122008727445,281.93325659828463,44827.38779912725,10.232638461909708,11.200929412370568,27.55235198113974,8.371282818608988,2714.7188218629863,52.10296365719503,0.16883002654396964,39.19627619582243,0.1270082906243978,49069.3,,,,308.6119496855346,,71.87575995807128,74.44325500000001,,,71.87575995807128,74.44325500000001,,,,,,,,,,,,,,,,,,,,,,,,,,
2.0.0a3,c61badb0e0c0a7e06932de804af43111,heat_pump_electric_backup,two_stage,heat_pump,two_stage,heating_ALL,723170,Mixed-Humid,2018-01-01T00:00:00,2018-12-31T00:00:00,364,17,51,,116.0,,70.0,,69.0,9.864301763590625,32.91716771902953,3818.391455407425,333.6999263397191,38709.19145540742,13.175487715848755,3.31499473314762,10.312801430761704,1196.2849659683577,311.09556005145134,36087.08496596836,12.2829986055802,11.875817848732618,25.327330079653336,13.624549353183188,5950.806958626368,77.14147366123082,0.25646906762535615,59.33578562179039,0.1972712328788015,,34890.799999999996,1512.6000000000001,0.0,,300.7827586206896,,,68.65607040229885,43.64093413793104,68.65607040229885,43.64093413793104,,,,,0.6045587903407809,0.12034338820193748,0.0771375321534741,0.04561882032049096,0.03743520199479428,0.014363535770523898,0.0,0.015546218487394958,0.050930833104836905,,,,,0.6045587903407809,,0.0771375321534741,0.04561882032049096,0.03743520199479428,0.014363535770523898,0.0,,0.050930833104836905
2.0.0a3,7f346f5d0d4c6d2b80c9a6dd6b2a98f5,furnace_or_boiler,two_stage,central,two_stage,cooling_ALL,722270,Mixed-Humid,2018-01-01T00:00:00,2018-12-31T00:00:00,364,0,49,128.0,,72.0,,73.0,,28.482832776262967,106.98847259385772,13694.524492013788,375.6244100938577,48079.924492013786,10.862213529132529,21.465250294891753,73.42402768573831,9398.275543774504,342.0599651857383,43783.6755437745,9.891605235897007,7.7683474138290975,34.580834660120665,5.798226194843323,2756.1914893728963,52.49944275297497,0.19542970773586452,40.63913750194206,0.1512796012333311,34385.4,,,,268.6359375,,75.15468750000001,76.94232780506508,,,75.15468750000001,76.94232780506508,,,,,,,,,,,,,,,,,,,,,,,,,,
2.0.0a3,7f346f5d0d4c6d2b80c9a6dd6b2a98f5,furnace_or_boiler,two_stage,central,two_stage,heating_ALL,722270,Mixed-Humid,2018-01-01T00:00:00,2018-12-31T00:00:00,364,0,49,,116.0,,68.0,,69.0,14.679812535742624,25.63286682291085,2973.4125514576585,174.61303923670394,20255.112551457656,13.770576455438441,19.955152418694077,37.1407047138269,4308.32174680392,186.12087712762002,21590.021746803923,14.678123579103305,11.749081646688964,12.680154661771162,7.919781574814271,843.5170953372981,29.04336577150276,0.19494785984563562,23.339172034845326,0.15665958534415353,,17281.699999999997,,,,148.98017241379307,,,65.95984195402299,46.86361381465517,65.95984195402299,46.86361381465517,,,,,,,,,,,,,,,,,,,,,,,,,,
2.0.0a3,95e7d7df8e31ea7bdc79a83208a3a750,furnace_or_boiler,single_stage,central,two_stage,cooling_ALL,725172,Mixed-Humid,2018-01-01T00:00:00,2018-12-31T00:00:00,364,98,52,132.0,,70.0,,73.0,,22.278333851485037,117.53711179799576,15514.89875733544,527.5848390707231,69641.19875733544,14.042507448847973,2.685735547386669,11.316735151378966,1493.8090399820235,421.36446242410625,55620.109039982024,11.215283617119171,10.914070758273967,37.57055789306384,4.576295687277939,8562.388767567318,92.53317657774058,0.22566440544174932,78.3520474359076,0.19108031144822016,54126.3,,,,410.0477272727273,,73.234375,79.31117085227274,,,73.234375,79.31117085227274,,,,,,,,,,,,,,,,,,,,,,,,,,
2.0.0a3,95e7d7df8e31ea7bdc79a83208a3a750,furnace_or_boiler,single_stage,central,two_stage,heating_ALL,725172,Mixed-Humid,2018-01-01T00:00:00,2018-12-31T00:00:00,364,98,52,,82.0,,72.0,,69.0,10.286291930728186,36.92062703733675,3027.4914170616134,358.93038313489774,29432.291417061613,25.33664431009878,-1.6244823512580657,-5.147373483343764,-422.0846256341886,316.8623826142172,25982.715374365813,22.36709362252451,22.73044311091179,14.16645309228396,2.61155396418226,6721.553745345566,81.98508245617349,0.2546043432029868,64.94110932463533,0.20167435332288441,,26404.8,,,,322.00975609756097,,,69.38831300813008,44.053064695121954,69.38831300813008,44.053064695121954,,,,,,,,,,,,,,,,,,,,,,,,,,
2.0.0a3,a6d053f0e3975a23b7cefbd3f90300b6,none,single_stage,central,two_stage,cooling_ALL,725027,,2018-01-01T00:00:00,2018-12-31T00:00:00,364,0,44,104.0,,71.8,,,,11.523864464731957,35.86536673232008,3729.9981401612886,311.22690519385856,32367.598140161288,9.94920057673971,,,,,,,8.802668186951896,31.281599239387894,8.82210854549612,3788.5366902596465,61.55109008181453,0.22352827640964018,49.479527122400626,0.17968931826443785,28637.6,,,,275.36153846153843,,72.99463141025642,72.16181980769231,,,72.99463141025642,72.16181980769231,,,,,,,,,,,,,,,,,,,,,,,,,,
2.0.0a3,6466b15b9509eea7cb70947d7d4e1530,furnace_or_boiler,two_stage,central,single_stage,cooling_ALL,722660,Mixed-Dry/Hot-Dry,2018-01-01T00:00:00,2018-12-31T00:00:00,364,7,49,148.0,,70.5,,75.0,,7.005684356819009,34.262710497085614,5070.881153568671,489.0701429295181,72382.38115356868,17.71075070078653,-22.075773474140906,-82.24585081052815,-12172.385919958168,372.5615816219042,55139.11408004183,13.491613397768168,16.469991409466314,27.614309025748895,8.52472651077643,5595.923183996855,74.80590340338692,0.16447819026022692,59.07528983380864,0.12989077491073114,67311.5,,,,454.80743243243245,,71.76734234234235,79.51811233108108,,,71.76734234234235,79.51811233108108,,,,,,,,,,,,,,,,,,,,,,,,,,
2.0.0a3,6466b15b9509eea7cb70947d7d4e1530,furnace_or_boiler,two_stage,central,single_stage,heating_ALL,722660,Mixed-Dry/Hot-Dry,2018-01-01T00:00:00,2018-12-31T00:00:00,364,7,49,,132.0,,71.0,,69.0,7.697701837173397,15.346435493556374,2025.7294851494414,199.3638597359806,26316.02948514944,15.285135974302404,-3.993687352202726,-7.0668525993595,-932.8245431154539,176.95057164306473,23357.475456884546,13.56671942385476,14.108531781594074,13.042988958106363,8.369898068182138,1398.1257202703512,37.3915193629565,0.2031955371448792,27.967966209968417,0.15198542379945212,,24290.299999999996,,,,184.0174242424242,,,69.79223484848484,48.0263792863909,69.79223484848484,48.0263792863909,,,,,,,,,,,,,,,,,,,,,,,,,,
