sw_version,ct_identifier,heat_type,heat_stage,cool_type,cool_stage,heating_or_cooling,station,climate_zone,start_date,end_date,n_days_in_inputfile_date_range,n_days_both_heating_and_cooling,n_days_insufficient_data,n_core_cooling_days,n_core_heating_days,baseline_percentile_core_cooling_comfort_temperature,baseline_percentile_core_heating_comfort_temperature,regional_average_baseline_cooling_comfort_temperature,regional_average_baseline_heating_comfort_temperature,percent_savings_baseline_percentile,avoided_daily_mean_core_day_runtime_baseline_percentile,avoided_total_core_day_runtime_baseline_percentile,baseline_daily_mean_core_day_runtime_baseline_percentile,baseline_total_core_day_runtime_baseline_percentile,_daily_mean_core_day_demand_baseline_baseline_percentile,percent_savings_baseline_regional,avoided_daily_mean_core_day_runtime_baseline_regional,avoided_total_core_day_runtime_baseline_regional,baseline_daily_mean_core_day_runtime_baseline_regional,baseline_total_core_day_runtime_baseline_regional,_daily_mean_core_day_demand_baseline_baseline_regional,mean_demand,alpha,tau,mean_sq_err,root_mean_sq_err,cv_root_mean_sq_err,mean_abs_err,mean_abs_pct_err,total_core_cooling_runtime,total_core_heating_runtime,total_auxiliary_heating_core_day_runtime,total_emergency_heating_core_day_runtime,daily_mean_core_cooling_runtime,daily_mean_core_heating_runtime,core_cooling_days_mean_indoor_temperature,core_cooling_days_mean_outdoor_temperature,core_heating_days_mean_indoor_temperature,core_heating_days_mean_outdoor_temperature,core_mean_indoor_temperature,core_mean_outdoor_temperature,rhu1_00F_to_05F,rhu1_05F_to_10F,rhu1_10F_to_15F,rhu1_15F_to_20F,rhu1_20F_to_25F,rhu1_25F_to_30F,rhu1_30F_to_35F,rhu1_35F_to_40F,rhu1_40F_to_45F,rhu1_45F_to_50F,rhu1_50F_to_55F,rhu1_55F_to_60F,rhu1_30F_to_45F,rhu2_00F_to_05F,rhu2_05F_to_10F,rhu2_10F_to_15F,rhu2_15F_to_20F,rhu2_20F_to_25F,rhu2_25F_to_30F,rhu2_30F_to_35F,rhu2_35F_to_40F,rhu2_40F_to_45F,rhu2_45F_to_50F,rhu2_50F_to_55F,rhu2_55F_to_60F,rhu2_30F_to_45F
2.0.0a3,4b82fc6c-9beb-4d64-b5bf-3d9b85003273,heat_pump_no_electric_backup,single_stage,heat_pump,,cooling_ALL,720839,Very-Cold/Cold,2011-01-01T00:00:00,2014-12-31T00:00:00,1460,266,93,1.0,,66.0,,73.0,,43.146525553544066,28.079575804722808,28.079575804722808,65.07957580472281,65.07957580472281,10.472291666666669,-20.401468888908,-6.269477904676435,-6.269477904676435,30.730522095323565,30.730522095323565,4.945007500000001,5.953861666666668,6.214454092399973,0.0,0.0,0.0,0.0,0.0,0.0,37.0,,,,37.0,,70.52173913043478,76.4590625,,,70.52173913043478,76.4590625,,,,,,,,,,,,,,,,,,,,,,,,,,
2.0.0a3,4b82fc6c-9beb-4d64-b5bf-3d9b85003273,heat_pump_no_electric_backup,single_stage,heat_pump,,heating_ALL,720839,Very-Cold/Cold,2011-01-01T00:00:00,2014-12-31T00:00:00,1460,266,93,,719.0,,69.0,,68.0,8.393955585604198,95.45416520647709,68631.54478345702,1137.1773919102322,817630.544783457,49.50159405660107,6.507031262765849,72.50305231361276,52129.69461348757,1114.226279017368,801128.6946134876,48.502526820783665,45.34645223732389,22.97254085615833,-25.434469205909764,22173.989974980243,148.90933474762502,0.14294519977135134,116.70009907546986,0.11202601236485342,,748999.0,,,,1041.7232267037552,,,66.09838080770257,44.91590172208696,66.09838080770257,44.91590172208696,,,,,,,,,,,,,,,,,,,,,,,,,,
2.0.0a3,d28b18d0-4dc0-4010-ae3e-58ab19b5fd61,none,,central,single_speed,cooling_ALL,720648,Hot-Humid,2011-01-01T00:00:00,2014-12-31T00:00:00,1460,0,8,839.0,,65.0,,75.0,,52.96106961342855,273.7799106356478,229701.3450233085,516.9455840563868,433717.3450233085,13.73052001002619,-11.936185560252548,-25.929690075702837,-21755.00997351468,217.23598334503615,182260.99002648532,5.769974844956573,6.458689749230484,37.649381354741614,-0.18873630769311567,1315.5048664701783,36.26988925362439,0.1491571106373562,27.516035575572086,0.11315756532774382,204016.0,,,,243.16567342073898,,72.20884113482232,78.42077212259679,,,72.20884113482232,78.42077212259679,,,,,,,,,,,,,,,,,,,,,,,,,,
2.0.0a3,fe01324c-e625-4b6c-862f-5a963f52c82a,furnace_or_boiler,single_stage,central,single_speed,cooling_ALL,722977,Mixed-Dry/Hot-Dry,2011-01-01T00:00:00,2014-12-31T00:00:00,1460,251,14,146.0,,65.5,,75.0,,56.788275679644805,123.38053304449204,18013.557824495838,217.26409468832765,31720.557824495834,9.634103315831776,-46.00188190669383,-29.58058114949222,-4318.764847825864,64.3029804943434,9388.235152174137,2.851375688592792,4.163062165575427,22.551563707158536,-1.6422933756590155,704.4664171412586,26.541786246243085,0.2827096222332743,20.241994459529085,0.21560744080333014,13707.0,,,,93.88356164383562,,71.10829525985152,76.6959306849315,,,71.10829525985152,76.6959306849315,,,,,,,,,,,,,,,,,,,,,,,,,,
2.0.0a3,fe01324c-e625-4b6c-862f-5a963f52c82a,furnace_or_boiler,single_stage,central,single_speed,heating_ALL,722977,Mixed-Dry/Hot-Dry,2011-01-01T00:00:00,2014-12-31T00:00:00,1460,251,14,,839.0,,69.5,,69.0,42.55963112464014,162.0274023081383,135940.99053652803,380.70678252267936,319412.990536528,10.417784147891942,39.90313107271257,145.19877869441342,121821.77532461286,363.87815890895445,305293.7753246128,9.957280221084549,5.9840136431878985,36.54393075515162,-1.1985961772845375,1905.471748950481,43.65170957649289,0.19961511475689772,34.06019486818517,0.15575403055729134,,183472.0,,,,218.6793802145411,,,65.04838308295798,60.52789904153832,65.04838308295798,60.52789904153832,,,,,,,,,,,,,,,,,,,,,,,,,,
2.0.0a3,2f3852ae-efbe-42f0-8100-6f6183baeede,heat_pump_electric_backup,single_stage,heat_pump,,cooling_ALL,726055,,2011-01-01T00:00:00,2014-12-31T00:00:00,1460,101,40,63.0,,68.80833333333334,,,,62.516432830684934,147.8284880757617,9313.194748772987,236.46340871068233,14897.194748772987,8.619675907281149,,,,,,,3.2309620084829986,27.43298138517466,-0.8941406478545291,46.70503514445435,6.8341082186671835,0.07710401464470497,5.268831174422221,0.05944419125870342,5584.0,,,,88.63492063492063,,74.4978448275862,77.98905762503546,,,74.4978448275862,77.98905762503546,,,,,,,,,,,,,,,,,,,,,,,,,,
2.0.0a3,2f3852ae-efbe-42f0-8100-6f6183baeede,heat_pump_electric_backup,single_stage,heat_pump,,heating_ALL,726055,,2011-01-01T00:00:00,2014-12-31T00:00:00,1460,101,40,,1181.0,,69.0,,,11.110029665610774,104.62317469649223,123559.96931655733,941.7002280411155,1112147.9693165573,28.84146125499715,,,,,,,25.63716635357133,32.65091944250757,-4.328733592633154,19018.551838402644,137.90776569288127,0.16474918902848587,106.15809968528386,0.12681998540172473,,988588.0,18187.0,2417.0,,837.0770533446232,,,65.94302450356116,44.56602181837426,65.94302450356116,44.56602181837426,0.016898148148148148,0.024739583333333332,0.04607329842931937,0.03885893631236308,0.030729785504346196,0.038152457082728713,0.020698271031160512,0.02237509510524981,0.011786868073344425,0.007336655592469546,0.0036030891390656443,0.0038643294457247944,0.01909280209518494,0.016898148148148148,0.024739583333333332,0.04607329842931937,0.03885893631236308,0.030729785504346196,0.038152457082728713,0.020698271031160512,0.02237509510524981,0.011786868073344425,0.007336655592469546,0.0036030891390656443,0.0038643294457247944,0.01909280209518494
2.0.0a3,eab16216-83c6-42ec-96f0-ee523c159966,furnace_or_boiler,single_stage,central,single_speed,cooling_ALL,725905,Mixed-Dry/Hot-Dry,2011-01-01T00:00:00,2014-12-31T00:00:00,1460,249,9,299.0,,67.5,,75.0,,40.05775754480816,143.77471268623665,42988.639093184756,358.9185253952667,107316.63909318476,12.096364306708777,3.0769871239303743,6.830108989135857,2042.2025877516212,221.97392169816592,66370.20258775161,7.481022107991959,7.250832020990662,29.671603491323964,5.252074971148275,3415.144934992859,58.439241396452594,0.2716287336391513,44.43011421047346,0.2065135578431098,64328.0,,,,215.1438127090301,,73.61716958177938,72.94780779264214,,,73.61716958177938,72.94780779264214,,,,,,,,,,,,,,,,,,,,,,,,,,
2.0.0a3,eab16216-83c6-42ec-96f0-ee523c159966,furnace_or_boiler,single_stage,central,single_speed,heating_ALL,725905,Mixed-Dry/Hot-Dry,2011-01-01T00:00:00,2014-12-31T00:00:00,1460,249,9,,654.0,,69.0,,69.0,21.763913670442335,166.47268731907496,108873.13750667503,764.9023509276377,500246.13750667503,16.7002244812925,21.763913670442335,166.47268731907496,108873.13750667503,764.9023509276377,500246.13750667503,16.7002244812925,13.065602042413923,45.80192031457284,2.3667894957429922,20086.06090957491,141.7253008801707,0.23682866926341783,107.60653225975425,0.1798148367360019,,391373.0,,,,598.4296636085627,,,65.47252308926635,50.33944060779817,65.47252308926635,50.33944060779817,,,,,,,,,,,,,,,,,,,,,,,,,,
2.0.0a3,2d3b385b-1ed1-4658-b551-5728a213f03d,heat_pump_no_electric_backup,single_stage,heat_pump,,cooling_ALL,725905,Marine,2011-01-01T00:00:00,2014-12-31T00:00:00,1460,1,25,0.0,,,,,,,,0.0,,0.0,,,,,,,,,,,,,,,,0.0,,,,,,,,,,,,,,,,,,,,,,,,,,,,,,,,,,,,,
2.0.0a3,2d3b385b-1ed1-4658-b551-5728a213f03d,heat_pump_no_electric_backup,single_stage,heat_pump,,heating_ALL,725905,Marine,2011-01-01T00:00:00,2014-12-31T00:00:00,1460,1,25,,1402.0,,68.5,,67.0,4.6606662659008435,26.876376255030646,37680.67950955297,576.6638227600234,808482.6795095529,58.94264601773738,2.1710699378175278,12.201165816060273,17106.034474116503,561.9886123210531,787908.0344741164,57.44264601773738,56.19552599855935,9.78347362598025,-48.76757651702412,18050.578827116035,134.35244257964212,0.24437160839834127,106.41336914950847,0.19355365391840046,,770802.0,,,,549.7874465049929,,,65.81235503275201,58.32493049928674,65.81235503275201,58.32493049928674,,,,,,,,,,,,,,,,,,,,,,,,,,
2.0.0a3,582b15ff-3ae3-4c05-b401-5e6b3bb96688,heat_pump_electric_backup,single_stage,heat_pump,,cooling_ALL,727934,Marine,2011-01-01T00:00:00,2014-12-31T00:00:00,1460,96,22,29.0,,65.0,,,,75.92526848533366,321.89823617329847,9335.048849025656,423.96720169053987,12295.048849025656,7.422844168149484,,,,,,,1.7870298042340564,57.11654348204306,-2.463460204902605,405.9053983507671,20.147094042336903,0.19738707000938183,14.938580768912578,0.14635771699272457,2960.0,,,,102.06896551724138,,71.61879105090313,73.67317068965518,,,71.61879105090313,73.67317068965518,,,,,,,,,,,,,,,,,,,,,,,,,,
2.0.0a3,582b15ff-3ae3-4c05-b401-5e6b3bb96688,heat_pump_electric_backup,single_stage,heat_pump,,heating_ALL,727934,Marine,2011-01-01T00:00:00,2014-12-31T00:00:00,1460,96,22,,1249.0,,68.0,,67.0,18.022204473759395,98.20465326981638,122657.61193400066,544.9092169207371,680591.6119340006,17.51088560269029,13.362144640583873,68.89518405494303,86050.08488462385,515.5997477058637,643984.0848846238,16.569013550318903,14.355037994207352,31.118312876021516,0.19350487072628628,112.11004358330652,10.588203038443611,0.023702921125108113,7.031293546594242,0.01574036649441727,,557934.0,1898.0,2996.0,,446.70456365092076,,,64.98443550540793,50.49459702061649,64.98443550540793,50.49459702061649,,,,,0.07103825136612021,0.04152249134948097,0.014548274889536524,0.008781014499140628,0.00517754609708957,0.006995300812196496,0.006346367425826831,0.010229993470216935,0.00781596492631181,,,,,0.07103825136612021,0.04152249134948097,0.014548274889536524,0.008781014499140628,0.00517754609708957,0.006995300812196496,0.006346367425826831,0.010229993470216935,0.00781596492631181
2.0.0a3,1ab401c3-8588-4568-b012-e5d22941edad,heat_pump_no_electric_backup,single_stage,heat_pump,,cooling_ALL,722874,Mixed-Dry/Hot-Dry,2011-01-01T00:00:00,2014-12-31T00:00:00,1460,350,29,266.0,,67.0,,75.0,,55.53960656181024,244.09510488415557,64929.29789918538,439.49736052325323,116906.29789918536,9.7104584864696,-9.034118316532904,-16.190226729181028,-4306.600309962153,179.2120289099167,47670.39969003785,3.959593670673848,4.317308047736471,45.260206934167115,3.1521592641443203,7567.525613155584,86.99152609970459,0.4451920261369725,69.7913628035346,0.3571676415672355,51977.0,,,,195.40225563909775,,72.8219625679632,73.3490428712406,,,72.8219625679632,73.3490428712406,,,,,,,,,,,,,,,,,,,,,,,,,,
2.0.0a3,1ab401c3-8588-4568-b012-e5d22941edad,heat_pump_no_electric_backup,single_stage,heat_pump,,heating_ALL,722874,Mixed-Dry/Hot-Dry,2011-01-01T00:00:00,2014-12-31T00:00:00,1460,350,29,,740.0,,70.5,,69.0,37.66470791262767,170.62246093373992,126260.62109096753,453.00354201482105,335222.62109096756,11.104822889787602,28.853799969365827,114.52146741693186,84745.88588852958,396.90254849801295,293707.8858885296,9.72957625446462,6.9222237841344825,40.79340539788522,0.37774916087470856,5607.744145157342,74.88487260560268,0.26519082765357327,55.523561271981336,0.19662634996442502,,208962.0,,,,282.3810810810811,,,66.33111549666386,59.222894597972974,66.33111549666386,59.222894597972974,,,,,,,,,,,,,,,,,,,,,,,,,,
2.0.0a3,566eed02-e92f-4ce8-afc2-8d224dc6c61e,furnace_or_boiler,single_stage,none,,heating_ALL,723627,Very-Cold/Cold,2011-01-01T00:00:00,2014-12-31T00:00:00,1460,0,18,,1304.0,,75.5,,68.0,33.988881243423464,256.00889177662907,333835.5948767243,753.2136463778561,982190.5948767243,27.207019050820236,13.771920201232355,79.4110714284893,103552.03714275004,576.6158260297162,751907.03714275,20.82808488565928,17.95965765576135,27.684534089196667,0.7550556227099181,6258.149549827074,79.1084669920172,0.1591064169437892,54.53309586257368,0.10967935313955487,,648355.0,,,,497.20475460122697,,,66.58192221758976,48.304258103911046,66.58192221758976,48.304258103911046,,,,,,,,,,,,,,,,,,,,,,,,,,
2.0.0a3,f6b8d9fa-f189-4b47-9d8e-3785c1a06bbe,none,,central,single_speed,cooling_ALL,746110,Mixed-Dry/Hot-Dry,2011-01-01T00:00:00,2014-12-31T00:00:00,1460,0,40,721.0,,64.5,,75.0,,50.21671596997721,305.8744690443956,220535.4921810092,609.1088657156854,439167.4921810092,16.702015408275788,-3.3749983350560253,-9.900029991587104,-7137.921623934302,293.3343666797028,211494.0783760657,8.043348878701197,8.314811769440109,36.469183558163536,0.5199081556791602,4245.689668132589,65.15895692943978,0.21487983436151198,49.1793144670464,0.162182506361102,218632.0,,,,303.23439667128986,,72.95273772144049,80.36626497991563,,,72.95273772144049,80.36626497991563,,,,,,,,,,,,,,,,,,,,,,,,,,
2.0.0a3,3766e958-03ec-4d96-83c2-7eeb87c74c90,furnace_or_boiler,single_stage,central,single_speed,cooling_ALL,722885,,2011-01-01T00:00:00,2014-12-31T00:00:00,1460,142,49,82.0,,67.0,,,,69.11386900582995,283.1508092441678,23218.36635802176,409.6873946100214,33594.366358021754,6.921271998029358,,,,,,,2.1377131357741592,59.19250026970023,-0.6645817832027237,253.9878498978602,15.936996263344614,0.1259477345406957,11.764971294124573,0.09297683559350568,10376.0,,,,126.53658536585365,,72.1476518631955,74.26161481707317,,,72.1476518631955,74.26161481707317,,,,,,,,,,,,,,,,,,,,,,,,,,
2.0.0a3,3766e958-03ec-4d96-83c2-7eeb87c74c90,furnace_or_boiler,single_stage,central,single_speed,heating_ALL,722885,,2011-01-01T00:00:00,2014-12-31T00:00:00,1460,142,49,,1016.0,,69.5,,,34.3666592774907,108.88272637477735,110624.84999677379,316.8266240125726,321895.84999677376,9.314535887515142,,,,,,,6.113441075773219,34.014214754085096,0.24232655538624506,127.92843106021238,11.310545126571592,0.054392291647205424,8.095501971460385,0.03893118318654122,,211271.0,,,,207.9438976377953,,,66.32331245036619,60.0970075492126,66.32331245036619,60.0970075492126,,,,,,,,,,,,,,,,,,,,,,,,,,
2.0.0a3,feadf000-44c3-45fc-8a67-177414868ae7,none,,central,single_speed,cooling_ALL,722786,Mixed-Dry/Hot-Dry,2011-01-01T00:00:00,2014-12-31T00:00:00,1460,0,19,899.0,,62.0,,75.0,,48.65246773580903,349.01477061975925,313764.27878716355,717.3629352471231,644909.2787871637,20.470048235182407,-4.582385217511935,-16.139555250872682,-14509.460170534541,352.20860937649104,316635.53982946544,10.050320233369213,10.510864622055736,35.04451611472867,-0.4354945397679103,490.579837399431,22.149036940676023,0.06013071074504445,16.459989206527943,0.044685954179192265,331145.0,,,,368.34816462736376,,71.57432187807636,82.25616548237133,,,71.57432187807636,82.25616548237133,,,,,,,,,,,,,,,,,,,,,,,,,,
2.0.0a3,a7ed7c85-dc4c-4041-acb3-b42139fa5ecb,furnace_or_boiler,single_stage,none,,heating_ALL,727937,Very-Cold/Cold,2011-01-01T00:00:00,2014-12-31T00:00:00,1460,0,8,,1445.0,,69.0,,68.0,12.91557785785749,95.24635149945841,137630.9779167174,737.4532719146832,1065619.9779167173,23.82702276050583,9.168404881499976,64.82340265396022,93669.81683497252,707.0303230691851,1021658.8168349725,22.844061097455196,20.74962508466328,30.950290320662273,-5.479166938132017,6090.270145620773,78.040182890744,0.121518751059684,58.3721124552652,0.09089299819055854,,927989.0,,,,642.2069204152249,,,65.94993651892891,50.70297665051903,65.94993651892891,50.70297665051903,,,,,,,,,,,,,,,,,,,,,,,,,,
2.0.0a3,3d7310ca-ef32-470a-a2aa-a18d7740ed07,furnace_or_boiler,single_stage,none,,heating_ALL,702070,,2011-01-01T00:00:00,2014-12-31T00:00:00,1460,0,14,,1320.0,,68.5,,,4.0109021562407,45.952742533795266,60657.620144609755,1145.695924351977,1512318.6201446098,72.9369418333195,,,,,,,70.01151246063085,15.708033481444836,-32.58821547459078,58860.614222704324,242.61206528675427,0.2206079285580557,200.9976275290172,0.18276778692704612,,1451661.0,,,,1099.7431818181817,,,65.67164768622655,28.14897126613845,65.67164768622655,28.14897126613845,,,,,,,,,,,,,,,,,,,,,,,,,,
2.0.0a3,f4080332-7bc7-40be-a4d1-26311b5ef726,heat_pump_electric_backup,single_stage,heat_pump,,cooling_ALL,726070,Very-Cold/Cold,2011-01-01T00:00:00,2014-12-31T00:00:00,1460,94,28,14.0,,67.0,,73.0,,46.2214766679322,101.90957615843756,1426.734066218126,220.48100472986613,3086.734066218126,10.744551978539935,5.127169740957303,6.407902442180636,89.7106341905289,124.9793310136092,1749.7106341905287,6.090533377077683,5.778261392705252,20.520260423164434,0.6720853097693393,2902.869812154564,53.87828701949018,0.4543951917306401,39.08450939763567,0.3296283925101804,1660.0,,,,118.57142857142857,,72.05255863539446,76.83229892857142,,,72.05255863539446,76.83229892857142,,,,,,,,,,,,,,,,,,,,,,,,,,
2.0.0a3,f4080332-7bc7-40be-a4d1-26311b5ef726,heat_pump_electric_backup,single_stage,heat_pump,,heating_ALL,726070,Very-Cold/Cold,2011-01-01T00:00:00,2014-12-31T00:00:00,1460,94,28,,1237.0,,69.0,,68.0,9.929849854150774,90.12726932033098,111487.43214924942,907.6397996356098,1122750.4321492494,33.882786146808094,7.239392973261399,63.801808302220415,78922.83686984665,881.3143386174993,1090185.8368698466,32.90003950408608,30.51827635602705,26.787637702016827,-7.591360383836111,19431.596817875692,139.3972625910412,0.17051391559378515,110.83779566077689,0.13557932331389658,,1011263.0,439102.0,4487.0,,817.5125303152789,,,65.68819903349066,42.752597847615206,65.68819903349066,42.752597847615206,0.500125313283208,0.4590764641027304,0.4606881304407904,0.45585093757417516,0.4877584610636766,0.494096068768991,0.5004456191032299,0.497354540159213,0.4542236394098254,0.40025798507790855,0.32793900049322156,0.2512798460089282,0.48989079000319163,0.500125313283208,0.4590764641027304,0.4606881304407904,0.45585093757417516,0.4877584610636766,0.494096068768991,0.5004456191032299,0.497354540159213,0.4542236394098254,0.40025798507790855,0.32793900049322156,0.2512798460089282,0.48989079000319163
2.0.0a3,9a168b59-6d9c-4b1d-a8af-2a765afbed92,furnace_or_boiler,single_stage,none,,heating_ALL,724673,Very-Cold/Cold,2011-01-01T00:00:00,2014-12-31T00:00:00,1460,0,19,,1436.0,,69.0,,68.0,6.345079590315686,69.03958457723587,99140.84345291072,1088.0806709282106,1562483.8434529104,45.36849011932484,4.2342365087096105,45.056404443481775,64700.99678083983,1064.0974907944567,1528043.9967808397,44.368490119324846,42.48982331232917,23.9831801337541,-11.494201136908409,18491.764002575608,135.9844255882842,0.13344351607570892,108.02053950770902,0.10600214353919084,,1463343.0,,,,1019.041086350975,,,66.18783441859875,35.12571101758356,66.18783441859875,35.12571101758356,,,,,,,,,,,,,,,,,,,,,,,,,,
2.0.0a3,e787b7a4-d09e-4bb0-b9b1-95032d44199e,furnace_or_boiler,single_stage,central,single_speed,cooling_ALL,723840,Mixed-Dry/Hot-Dry,2011-01-01T00:00:00,2014-12-31T00:00:00,1460,157,37,353.0,,69.5,,75.0,,32.47623818214404,156.03137305384715,55079.07468800804,480.44780364874805,169598.07468800806,12.592339478362558,-3.5418716349745942,-11.097359312709756,-3917.367837386544,313.3190712821911,110601.63216261344,8.211964089891222,8.50282131666538,38.1539748411566,-0.9935290208305289,172.5098536975457,13.134300655061377,0.040485929245248964,9.507701948589293,0.02930709129360212,114519.0,,,,324.4164305949009,,73.54899933026041,82.65583634560906,,,73.54899933026041,82.65583634560906,,,,,,,,,,,,,,,,,,,,,,,,,,
2.0.0a3,e787b7a4-d09e-4bb0-b9b1-95032d44199e,furnace_or_boiler,single_stage,central,single_speed,heating_ALL,723840,Mixed-Dry/Hot-Dry,2011-01-01T00:00:00,2014-12-31T00:00:00,1460,157,37,,462.0,,68.5,,69.0,23.968727234473388,155.0537017842163,71634.81022430792,646.9000221305365,298867.8102243079,14.908606876424594,26.2445293614464,175.01447802979564,80856.68884976559,666.860798376116,308089.6888497656,15.3686275222943,11.335203559754442,43.391044347242,0.31944756417568765,387.89967405860943,19.69516879995217,0.040043338712149656,14.055288595585152,0.02857658584431108,,227233.0,,,,491.84632034632034,,,65.12828709560817,53.635269610389614,65.12828709560817,53.635269610389614,,,,,,,,,,,,,,,,,,,,,,,,,,
2.0.0a3,8465829e-df0d-449e-97bf-96317c24dec3,heat_pump_electric_backup,single_stage,heat_pump,,cooling_ALL,725314,Mixed-Humid,2011-01-01T00:00:00,2014-12-31T00:00:00,1460,212,13,296.0,,69.5,,73.0,,43.83576235942965,192.715710435758,57043.85028898437,439.6312509762986,130130.85028898438,9.976082159783457,21.40352145693172,67.2404434393765,19903.171258055445,314.155983979917,92990.17125805543,7.12880601688671,5.602990491439324,44.06852749755634,-0.8165326408614967,379.28224705229485,19.47517001343749,0.07887381236030344,12.444656615631587,0.050400459154527476,73087.0,,,,246.91554054054055,,73.95971753003002,79.8426321875,,,73.95971753003002,79.8426321875,,,,,,,,,,,,,,,,,,,,,,,,,,
2.0.0a3,8465829e-df0d-449e-97bf-96317c24dec3,heat_pump_electric_backup,single_stage,heat_pump,,heating_ALL,725314,Mixed-Humid,2011-01-01T00:00:00,2014-12-31T00:00:00,1460,212,13,,895.0,,69.5,,69.0,10.646928811471101,92.11668477057343,82444.43286966321,865.194897061076,774349.432869663,27.292462133995627,9.033255703224372,76.76885903961299,68708.12884045363,849.8470713301159,760613.1288404537,26.808316938474633,24.386653119691406,31.700873772886364,-2.3486608421262156,6897.070484921537,83.04860314852705,0.10742587467633809,55.601169394930835,0.07192179072049355,,691905.0,144794.0,2104.0,,773.0782122905028,,,66.6958723285375,44.679677289106145,66.6958723285375,44.679677289106145,,0.35810185185185184,0.36336805555555557,0.37900691389063484,0.375673443706005,0.3318400322150354,0.28432496802364043,0.19741898266605878,0.15271363589013506,0.09249776186213071,0.052322643343051506,0.028319891645631964,0.22154695797667256,,0.35810185185185184,0.36336805555555557,0.37900691389063484,0.375673443706005,0.3318400322150354,0.28432496802364043,0.19741898266605878,0.15271363589013506,0.09249776186213071,0.052322643343051506,0.028319891645631964,0.22154695797667256
2.0.0a3,064ec4bc-5317-4ab1-a1e7-a214d1acd74a,none,,central,single_speed,cooling_ALL,722020,Hot-Humid,2011-01-01T00:00:00,2014-12-31T00:00:00,1460,0,7,1099.0,,72.0,,75.0,,37.7663262831124,87.93816790887891,96644.04653185792,232.84808601624925,255900.04653185792,7.795773029711506,5.797706576661862,8.91852156357895,9801.455198373267,153.82843967094928,169057.45519837327,5.150188784913195,4.851595951019781,29.868505038411328,-0.2714692648830899,80.32576680002546,8.962464326290256,0.061848522470694924,6.12137390466823,0.042242615168222135,159256.0,,,,144.90991810737034,,74.8951616480369,79.8908259190173,,,74.8951616480369,79.8908259190173,,,,,,,,,,,,,,,,,,,,,,,,,,
2.0.0a3,e44e30f7-4937-45dd-84f5-b9f78f77ce3a,none,,central,single_speed,cooling_ALL,722610,Hot-Humid,2011-01-01T00:00:00,2014-12-31T00:00:00,1460,0,30,909.0,,66.0,,75.0,,48.365260588014486,393.1935943524448,357412.9772663723,812.9669716901785,738986.9772663723,14.924989186823193,-1.9960058886053147,-8.214734741289137,-7467.193879831825,411.55864259644466,374106.8061201682,7.555667701635086,7.706479273883172,54.47018832066704,-0.35699754251579147,428.15435658410684,20.691891082839838,0.049293004749541146,14.407394306606562,0.03432183907893453,381574.0,,,,419.7733773377338,,72.7863062002984,80.68267830033004,,,72.7863062002984,80.68267830033004,,,,,,,,,,,,,,,,,,,,,,,,,,
2.0.0a3,04fa68f1-12c4-45ab-a924-a19c51c8a72b,heat_pump_electric_backup,single_stage,heat_pump,,cooling_ALL,724830,Mixed-Dry/Hot-Dry,2011-01-01T00:00:00,2014-12-31T00:00:00,1460,343,31,167.0,,64.5,,75.0,,61.90755284374361,243.62314203511164,40685.06471986364,393.5273336518781,65719.06471986364,8.631472821022205,7.251798833707627,11.720712943912375,1957.3590616333665,161.62490456067886,26991.359061633368,3.5450167030834643,3.2879392231545173,45.59214189882295,-4.725532660977226,1218.2737861780615,34.903778967012464,0.2328405803104211,29.01898320355694,0.19358353419325752,25034.0,,,,149.90419161676647,,71.3125,75.56755461077844,,,71.3125,75.56755461077844,,,,,,,,,,,,,,,,,,,,,,,,,,
2.0.0a3,04fa68f1-12c4-45ab-a924-a19c51c8a72b,heat_pump_electric_backup,single_stage,heat_pump,,heating_ALL,724830,Mixed-Dry/Hot-Dry,2011-01-01T00:00:00,2014-12-31T00:00:00,1460,343,31,,860.0,,69.5,,69.0,26.018255494194975,178.1385778408093,153199.17694309598,684.6676476082512,588814.176943096,15.485197274001015,23.775386256604385,157.99259179536193,135873.62894401126,664.5216615628037,571488.6289440112,15.02955347473168,11.456219083471318,44.214331628682494,0.757810115759803,1385.0356298415147,37.21606682390705,0.07347271666163943,22.712706019407698,0.0448398865436007,,435615.0,183711.0,1443.0,,506.52906976744185,,,65.7068664533023,53.751533,65.7068664533023,53.751533,,,,,,,0.4481650147334583,0.4925278507381578,0.4877852165596393,0.47349513648972613,0.4160297217313547,0.32741249142072754,0.487868709448776,,,,,,,0.4481650147334583,0.4925278507381578,0.4877852165596393,0.47349513648972613,0.4160297217313547,0.32741249142072754,0.487868709448776
2.0.0a3,a59238c1-9e4b-4ae7-80ff-9c5de4152bd8,none,,central,single_speed,cooling_ALL,722260,Hot-Humid,2011-01-01T00:00:00,2014-12-31T00:00:00,1460,0,41,777.0,,63.0,,75.0,,61.25944349738857,406.2348434274904,315644.47334316,663.1383183309653,515258.47334316,13.045055980459892,-25.27834179010539,-51.83732281958341,-40277.59983081631,205.06615208389147,159336.40016918367,4.033999181897301,5.0537272829073565,50.83445554578501,-0.6696820527336246,284.85935011210677,16.877776811893998,0.06569695804323163,12.729189080776946,0.049548528238318394,199614.0,,,,256.9034749034749,,70.64187607666221,76.03442241196976,,,70.64187607666221,76.03442241196976,,,,,,,,,,,,,,,,,,,,,,,,,,
2.0.0a3,a2889532-7fb0-4e63-a85b-7fbcbe0f7fe0,none,,central,single_speed,cooling_ALL,747187,Mixed-Dry/Hot-Dry,2011-01-01T00:00:00,2014-12-31T00:00:00,1460,0,5,960.0,,62.0,,75.0,,50.991064124234384,329.87934314104774,316684.16941540584,646.9355931410478,621058.1694154058,20.63042382719093,0.553937772851807,1.7660772991954623,1695.4342072276438,318.8223272991955,306069.43420722766,10.167070427859029,10.110751184366674,31.358327805577392,-0.7835157018877179,52.328174268627755,7.233821553551605,0.022815577846365134,5.530691890860245,0.017443882247583024,304374.0,,,,317.05625,,72.08506228568949,82.61863382031251,,,72.08506228568949,82.61863382031251,,,,,,,,,,,,,,,,,,,,,,,,,,
2.0.0a3,54aeb85f-aa8c-4e32-afb7-4617c08446a5,none,,central,single_speed,cooling_ALL,722721,,2011-01-01T00:00:00,2014-12-31T00:00:00,1460,0,8,633.0,,59.5,,,,70.60872010954937,473.8019549414217,299916.6374779199,671.0247037565875,424758.6374779199,15.795900712188761,,,,,,,4.642617389537083,42.480939579393386,3.1733208364393946,2201.0426997798904,46.915271498520504,0.2378796147014905,35.31563074225106,0.17906469184925683,124842.0,,,,197.2227488151659,,71.07533574720212,71.49877739697169,,,71.07533574720212,71.49877739697169,,,,,,,,,,,,,,,,,,,,,,,,,,
2.0.0a3,b5c68765-4c68-4ff9-98ae-5a2da9a5e517,furnace_or_boiler,single_stage,central,single_speed,cooling_ALL,720406,Marine,2011-01-01T00:00:00,2014-12-31T00:00:00,1460,261,46,20.0,,64.0,,,,66.14439647853567,192.9299280727425,3858.5985614548504,291.67992807274254,5833.598561454851,6.405169317745795,,,,,,,2.168508729094497,45.53820728276938,-7.606157071676013,2054.51188511895,45.32672374128699,0.4590047973801214,34.0063314849708,0.3443679137718562,1975.0,,,,98.75,,70.24581589958159,71.41525324999999,,,70.24581589958159,71.41525324999999,,,,,,,,,,,,,,,,,,,,,,,,,,
2.0.0a3,b5c68765-4c68-4ff9-98ae-5a2da9a5e517,furnace_or_boiler,single_stage,central,single_speed,heating_ALL,720406,Marine,2011-01-01T00:00:00,2014-12-31T00:00:00,1460,261,46,,1064.0,,70.5,,67.0,25.481788192329546,105.78618230218419,112556.49796952397,415.1442650089511,441713.49796952395,15.80211213475427,7.190235688058386,23.966848134548172,25500.726415159254,333.3249308413151,354657.7264151593,12.687729009938517,11.775451390661779,26.271441530648705,0.9353277693007572,565.2397608877322,23.77477152125194,0.0768519487618737,15.258219306702015,0.049322193793025645,,329157.0,,,,309.35808270676694,,,66.67492315138198,54.31942504528367,66.67492315138198,54.31942504528367,,,,,,,,,,,,,,,,,,,,,,,,,,
2.0.0a3,e839fe3c-b4af-43a8-bcd4-209241f1612c,furnace_or_boiler,single_stage,central,single_speed,cooling_ALL,722195,Mixed-Humid,2011-01-01T00:00:00,2014-12-31T00:00:00,1460,179,51,369.0,,69.5,,73.0,,56.92547436732679,202.49201948262177,74719.55518908743,355.7142417048439,131258.5551890874,8.5358543973874,35.98978284246395,86.14928599360809,31789.086531641384,239.37150821583032,88328.08653164138,5.7440498621045935,3.676778790370301,41.67295096009589,-0.7225870887411412,254.79081064098952,15.962168105899321,0.10417658662298324,11.245476680694129,0.07339324882251425,56539.0,,,,153.22222222222223,,74.5191699791785,78.3868296261999,,,74.5191699791785,78.3868296261999,,,,,,,,,,,,,,,,,,,,,,,,,,
2.0.0a3,e839fe3c-b4af-43a8-bcd4-209241f1612c,furnace_or_boiler,single_stage,central,single_speed,heating_ALL,722195,Mixed-Humid,2011-01-01T00:00:00,2014-12-31T00:00:00,1460,179,51,,775.0,,70.0,,69.0,19.443086708388083,143.1348667984437,110929.52176879387,736.1735764758631,570534.5217687939,19.515141237902256,15.389219780601804,107.86335994024977,83594.10395369357,700.9020696176691,543199.1039536935,18.58013289203579,15.72079540575252,37.72320002717012,-0.6330851679126107,1742.7111282621242,41.74579174314609,0.07039303010397673,25.088354541063328,0.04230475031673737,,459605.0,,,,593.0387096774193,,,66.45401421391126,51.34701307419355,66.45401421391126,51.34701307419355,,,,,,,,,,,,,,,,,,,,,,,,,,
2.0.0a3,da25834c-3c93-4dda-902e-58e986f5e8f5,furnace_or_boiler,single_stage,central,single_speed,cooling_ALL,723965,Marine,2011-01-01T00:00:00,2014-12-31T00:00:00,1460,300,59,18.0,,65.0,,,,10.615471572087896,15.452235700126657,278.14024260227984,145.56334681123775,2620.1402426022796,54.12073081889718,,,,,,,48.37556002421095,2.689604234989595,45.343241652230525,5346.347885908218,73.1187245916408,0.5619714101834049,59.64942704563779,0.458449908975867,2342.0,,,,130.11111111111111,,70.53197674418605,73.77748916666667,,,70.53197674418605,73.77748916666667,,,,,,,,,,,,,,,,,,,,,,,,,,
2.0.0a3,da25834c-3c93-4dda-902e-58e986f5e8f5,furnace_or_boiler,single_stage,central,single_speed,heating_ALL,723965,Marine,2011-01-01T00:00:00,2014-12-31T00:00:00,1460,300,59,,1068.0,,70.5,,67.0,17.313481232727394,77.49534033765703,82765.0234806177,447.6011455811027,478038.0234806177,21.877800504630727,3.573654405452747,13.716482080045441,14649.202861488531,383.82228732349114,409922.20286148856,18.76042435144499,18.089991620127947,20.45914741229869,-8.141427437524545,9070.326492452641,95.2382617042785,0.25732712201483393,72.8136803520464,0.19673747161072366,,395273.0,,,,370.1058052434457,,,66.75706227538186,57.562289255617976,66.75706227538186,57.562289255617976,,,,,,,,,,,,,,,,,,,,,,,,,,
2.0.0a3,879b43f2-a02d-499a-9d3a-f44cdc78c2ae,furnace_or_boiler,single_stage,none,,heating_ALL,720516,Very-Cold/Cold,2011-01-01T00:00:00,2014-12-31T00:00:00,1460,0,12,,390.0,,72.5,,68.0,19.357681907369273,164.82817358019528,64282.987696276155,851.4871479391696,332079.98769627616,30.6439643499229,6.961155985260826,51.37574826740966,20036.54182428977,738.034722626384,287833.5418242898,26.560952545092153,24.712003207257187,27.786455375552997,5.745198691616083,20934.225960721258,144.68664748594205,0.21071107039853845,107.30864845233314,0.15627648142589326,,267797.0,,,,686.6589743589743,,,67.0219017094017,36.67280905866011,67.0219017094017,36.67280905866011,,,,,,,,,,,,,,,,,,,,,,,,,,
2.0.0a3,8850a9e0-b917-40ab-bb94-e03286575d73,furnace_or_boiler,single_stage,none,,heating_ALL,725720,Very-Cold/Cold,2011-01-01T00:00:00,2014-12-31T00:00:00,1460,0,9,,1111.0,,69.5,,68.0,14.716759938082665,150.16520039780772,166833.5376419644,1020.368620739842,1133629.5376419644,29.07612598839379,10.324882135897433,100.19220451878496,111313.53922037009,970.395624860819,1078109.53922037,27.652110103681064,24.797062327387415,35.09300452017365,-5.74110923379073,27249.67255928998,165.07474839989905,0.18969673589080618,132.72807283394874,0.1525253403184509,,966796.0,,,,870.2034203420342,,,65.47754726890756,46.41513473334834,65.47754726890756,46.41513473334834,,,,,,,,,,,,,,,,,,,,,,,,,,
2.0.0a3,b2a305d1-9df1-4387-a89c-d702f6a9ba3e,heat_pump_electric_backup,single_stage,heat_pump,,cooling_ALL,745058,Marine,2011-01-01T00:00:00,2014-12-31T00:00:00,1460,148,36,6.0,,64.15,,,,59.17593196333441,197.37840420762848,1184.2704252457709,333.54507087429516,2001.270425245771,6.382794742768461,,,,,,,2.60571646842851,52.25690067069648,-6.7565146173556885,292.04598155798976,17.089352871246756,0.1255032034608085,14.746779985811513,0.10829948581991321,817.0,,,,136.16666666666666,,69.76909722222223,72.58203625,,,69.76909722222223,72.58203625,,,,,,,,,,,,,,,,,,,,,,,,,,
2.0.0a3,b2a305d1-9df1-4387-a89c-d702f6a9ba3e,heat_pump_electric_backup,single_stage,heat_pump,,heating_ALL,745058,Marine,2011-01-01T00:00:00,2014-12-31T00:00:00,1460,148,36,,1249.0,,69.5,,67.0,25.177971316589794,136.18313971254466,170092.7415009683,540.8820988798785,675561.7415009683,13.748250886920728,10.045665110291273,45.19482267600636,56448.333522331945,449.8937818433402,561917.3335223319,11.435491390927824,10.286720222079024,39.341884529794385,0.20371377124105217,304.5908605616877,17.452531637607414,0.04312472578015993,10.446616424226074,0.02581330193119334,,505469.0,3547.0,1911.0,,404.69895916733384,,,66.12473698273271,55.75711404884233,66.12473698273271,55.75711404884233,,,,,,,,0.06885296860428972,0.03410510841602352,0.014406208157002257,0.007586288578178667,0.00520256108415401,0.03883680077885246,,,,,,,,0.06885296860428972,0.03410510841602352,0.014406208157002257,0.007586288578178667,0.00520256108415401,0.03883680077885246
2.0.0a3,c19345f4-14c9-4aee-9abc-5a9c67016586,heat_pump_electric_backup,single_stage,heat_pump,,cooling_ALL,745056,Mixed-Dry/Hot-Dry,2011-01-01T00:00:00,2014-12-31T00:00:00,1460,426,41,107.0,,65.0,,75.0,,61.28793854507435,316.63484837372926,33879.92877598903,516.6348483737293,55279.92877598903,10.193141206365356,10.743392366738684,24.073046582458684,2575.815984323079,224.0730465824587,23975.81598432308,4.420933298528191,3.945975087995505,50.68455718548313,-3.1840811009363446,1807.2869115490935,42.512197209143324,0.2125609860457166,33.96662656629651,0.16983313283148257,21400.0,,,,200.0,,72.25672252533126,76.87049841121495,,,72.25672252533126,76.87049841121495,,,,,,,,,,,,,,,,,,,,,,,,,,
2.0.0a3,c19345f4-14c9-4aee-9abc-5a9c67016586,heat_pump_electric_backup,single_stage,heat_pump,,heating_ALL,745056,Mixed-Dry/Hot-Dry,2011-01-01T00:00:00,2014-12-31T00:00:00,1460,426,41,,853.0,,72.0,,69.0,34.18076364574477,229.96114953598573,196156.86055419582,672.7794379298896,573880.8605541958,16.92132133052208,22.1727924980502,126.157912355442,107612.69923919202,568.9762007493458,485336.699239192,14.310528205088568,11.137484480799333,39.75927321445955,0.8107630956742599,1316.9192569644904,36.289382151870406,0.08195095618903077,24.508654054459885,0.055346977974537706,,377724.0,84.0,1653.0,,442.81828839390386,,,66.39442836286564,54.941986790738575,66.39442836286564,54.941986790738575,,,,,,,,0.007340347443112307,0.000716601262583177,0.005910528873330226,0.004140315372291087,0.005395273185293914,0.0015273119310014376,,,,,,,,0.007340347443112307,0.000716601262583177,0.005910528873330226,0.004140315372291087,0.005395273185293914,0.0015273119310014376
2.0.0a3,a16d8fd5-95c9-41d7-a29e-86ef5adb9893,furnace_or_boiler,single_stage,central,single_speed,cooling_ALL,724945,Marine,2011-01-01T00:00:00,2014-12-31T00:00:00,1460,250,9,25.0,,65.5,,,,57.227395231714276,127.31885186210951,3182.971296552738,222.4788518621095,5561.971296552738,10.389062531587896,,,,,,,4.443672655766151,21.414718718427537,0.8721350083567395,1021.8245553833243,31.965990605381283,0.3359183544071173,27.047882820708782,0.2842358430087094,2379.0,,,,95.16,,71.77541666666667,74.50577510000001,,,71.77541666666667,74.50577510000001,,,,,,,,,,,,,,,,,,,,,,,,,,
2.0.0a3,a16d8fd5-95c9-41d7-a29e-86ef5adb9893,furnace_or_boiler,single_stage,central,single_speed,heating_ALL,724945,Marine,2011-01-01T00:00:00,2014-12-31T00:00:00,1460,250,9,,1154.0,,70.75,,67.0,27.88656488982946,196.36495120573198,226605.15369141471,704.1561123842415,812596.1536914147,13.888886612139668,5.098347133018855,27.27977366627632,31480.858810882874,535.0709348447858,617471.8588108828,10.553823808115416,10.015753234570504,50.699248402587536,0.0968769327224061,515.8693371514823,22.712757145522477,0.04472853976585466,14.684307661062688,0.028918005636377253,,585991.0,,,,507.7911611785095,,,67.05010832280195,57.11218527512999,67.05010832280195,57.11218527512999,,,,,,,,,,,,,,,,,,,,,,,,,,
2.0.0a3,959325a4-3347-4b43-aa24-2f1bd55195ee,heat_pump_no_electric_backup,single_stage,heat_pump,,cooling_ALL,747688,Mixed-Humid,2011-01-01T00:00:00,2014-12-31T00:00:00,1460,133,17,591.0,,71.5,,73.0,,35.35409711734075,141.50530233756376,83629.63368150019,400.2514952309648,236548.63368150019,7.53138382500097,22.77835975593087,76.32334470719866,45107.0967219544,335.0695376005997,198026.0967219544,6.304879121761946,4.8687310732304345,53.14448241268771,0.42688112094956365,2299.9002497694178,47.95727525380709,0.18534485364800965,36.510980640846235,0.14110731536787532,152919.0,,,,258.74619289340103,,74.58221723562633,77.9752591818887,,,74.58221723562633,77.9752591818887,,,,,,,,,,,,,,,,,,,,,,,,,,
2.0.0a3,959325a4-3347-4b43-aa24-2f1bd55195ee,heat_pump_no_electric_backup,single_stage,heat_pump,,heating_ALL,747688,Mixed-Humid,2011-01-01T00:00:00,2014-12-31T00:00:00,1460,133,17,,585.0,,70.0,,69.0,21.269708119855256,118.35002394757902,69234.76400933372,556.4252376227926,325508.7640093337,14.568700411195596,16.279351185882433,85.18305042144765,49832.08449654687,523.2582640966613,306106.0844965468,13.700300367170579,11.469980356878139,38.193196504692835,1.7688464556637118,7361.973039134283,85.8019407655461,0.19586120850279184,69.17542112477027,0.15790763541362218,,256274.0,,,,438.07521367521366,,,66.77444514891846,54.09270125240436,66.77444514891846,54.09270125240436,,,,,,,,,,,,,,,,,,,,,,,,,,
2.0.0a3,d36e20f2-e6bb-4caf-9d53-6183b7c08fe1,heat_pump_electric_backup,single_stage,heat_pump,,cooling_ALL,722721,Mixed-Dry/Hot-Dry,2011-01-01T00:00:00,2014-12-31T00:00:00,1460,281,4,341.0,,69.5,,75.0,,36.01034201941249,107.18042789393517,36548.52591183189,297.6379058998003,101494.5259118319,9.841919036851912,-3.172300479897517,-5.856110080590855,-1996.9335374814816,184.60136792527422,62949.06646251851,6.10416778642535,6.297810330407871,30.241856774611744,2.739749935054495,2269.504285049016,47.639314489704994,0.2501309740552059,36.41903435628469,0.1912187157868549,64946.0,,,,190.4574780058651,,73.67624954173286,75.71637018210708,,,73.67624954173286,75.71637018210708,,,,,,,,,,,,,,,,,,,,,,,,,,
2.0.0a3,d36e20f2-e6bb-4caf-9d53-6183b7c08fe1,heat_pump_electric_backup,single_stage,heat_pump,,heating_ALL,722721,Mixed-Dry/Hot-Dry,2011-01-01T00:00:00,2014-12-31T00:00:00,1460,281,4,,752.0,,70.5,,69.0,17.13158186628501,123.82029979381504,93112.86544494891,722.7604593682831,543515.8654449489,20.217907964402734,11.154837959485164,75.19914730342545,56549.75877217594,674.1393068778935,506952.75877217593,18.8578197450872,16.75426050983092,35.74852851446515,4.457209412169518,10188.632721696276,100.93875728230597,0.16852895179715519,77.63730576909194,0.12962447838570598,,450403.0,44951.0,2114.0,,598.9401595744681,,,67.0290860900242,46.19918961981822,67.0290860900242,46.19918961981822,,0.41458333333333336,0.14652777777777778,0.22659130007372819,0.2836703548264021,0.21593298752278145,0.1542484596647084,0.12349153507523161,0.08902296810829996,0.04667285191484975,0.029559748427672956,0.03540876292494235,0.11866873553747646,,0.41458333333333336,,0.22659130007372819,0.2836703548264021,0.21593298752278145,0.1542484596647084,0.12349153507523161,0.08902296810829996,0.04667285191484975,0.029559748427672956,0.03540876292494235,0.11866873553747646
2.0.0a3,e5a25daa-c774-48cf-b112-057ebedda3c2,heat_pump_electric_backup,single_stage,heat_pump,,cooling_ALL,722906,Mixed-Dry/Hot-Dry,2011-01-01T00:00:00,2014-12-31T00:00:00,1460,105,26,47.0,,70.5,,75.0,,61.57242817906635,110.18356808461694,5178.627699976996,178.94952553142545,8410.627699976996,7.22347786158044,26.470684121193642,24.755866637820557,1163.5257319775662,93.52182408462906,4395.525731977566,3.775102637706094,2.775807143228065,24.77331957826098,-0.20542972214021896,95.16523707738189,9.755267145362135,0.14186186752228352,6.56290220634326,0.09543824371848185,3232.0,,,,68.76595744680851,,75.12355555555555,77.72449744680851,,,75.12355555555555,77.72449744680851,,,,,,,,,,,,,,,,,,,,,,,,,,
2.0.0a3,e5a25daa-c774-48cf-b112-057ebedda3c2,heat_pump_electric_backup,single_stage,heat_pump,,heating_ALL,722906,Mixed-Dry/Hot-Dry,2011-01-01T00:00:00,2014-12-31T00:00:00,1460,105,26,,930.0,,71.0,,69.0,39.40021394187344,175.34058952963423,163066.74826255982,445.02446049737614,413872.7482625598,8.388661911096804,23.053612947263392,80.79895388914079,75143.02711690094,350.4828248568827,325949.0271169009,6.606562524865707,5.083511171264216,53.050708827433226,0.23039275460779965,146.0965820105573,12.087041904889604,0.044819298467928724,9.23178202831759,0.03423186561061282,,250806.0,8478.0,1403.0,,269.68387096774194,,,67.73548311039903,62.59723748387097,67.73548311039903,62.59723748387097,,,,,,,,,,0.1840228245363766,0.08833761911964907,0.04318964273197683,,,,,,,,,,,0.1840228245363766,0.08833761911964907,0.04318964273197683,
